BEGIN;
INSERT INTO depots (depot_id, depot_name, geom) VALUES ('east_new_york', 'East New York Depot', ST_MakePoint(-73.899747, 40.678063));
INSERT INTO depots (depot_id, depot_name, geom) VALUES ('flatbush', 'Flatbush Depot', ST_MakePoint(-73.927059, 40.615736));
INSERT INTO depots (depot_id, depot_name, geom) VALUES ('jackie_gleason', 'Jackie Gleason Depot', ST_MakePoint(-74.001923, 40.651932));
INSERT INTO stops (stop_id, stop_name, stop_lat, stop_lon, geom) VALUES ('306468', 'NOSTRAND AV/FLATBUSH AV', 40.632419, -73.947699, ST_MakePoint(-73.947699, 40.632419));
INSERT INTO stops (stop_id, stop_name, stop_lat, stop_lon, geom) VALUES ('307269', 'POSTAL FACILITY RD/BROOKLYN MAIL FACILITY', 40.664717, -73.862732, ST_MakePoint(-73.862732, 40.664717));
INSERT INTO stops (stop_id, stop_name, stop_lat, stop_lon, geom) VALUES ('801030', 'LINCOLN RD/FLATBUSH AV', 40.660858, -73.961379, ST_MakePoint(-73.961379, 40.660858));
INSERT INTO stops (stop_id, stop_name, stop_lat, stop_lon, geom) VALUES ('301726', 'SEAVIEW AV/E 108 ST', 40.639067, -73.881716, ST_MakePoint(-73.881716, 40.639067));
INSERT INTO stops (stop_id, stop_name, stop_lat, stop_lon, geom) VALUES ('308644', '87 ST/4 AV', 40.621924, -74.028495, ST_MakePoint(-74.028495, 40.621924));
INSERT INTO stops (stop_id, stop_name, stop_lat, stop_lon, geom) VALUES ('901475', 'GATEWAY PLAZA 2/BAY 2', 40.652687, -73.876588, ST_MakePoint(-73.876588, 40.652687));
INSERT INTO stops (stop_id, stop_name, stop_lat, stop_lon, geom) VALUES ('306581', '50 ST/5 AV', 40.644861, -74.010021, ST_MakePoint(-74.010021, 40.644861));
INSERT INTO stops (stop_id, stop_name, stop_lat, stop_lon, geom) VALUES ('301879', 'WYCKOFF AV/DE KALB AV', 40.704324, -73.91937, ST_MakePoint(-73.91937, 40.704324));
INSERT INTO stops (stop_id, stop_name, stop_lat, stop_lon, geom) VALUES ('901019', 'EASTERN PKWY/UTICA AV', 40.668556, -73.931625, ST_MakePoint(-73.931625, 40.668556));
INSERT INTO stops (stop_id, stop_name, stop_lat, stop_lon, geom) VALUES ('307984', 'EASTERN PKWY/UTICA AV', 40.668552, -73.931509, ST_MakePoint(-73.931509, 40.668552));
INSERT INTO stops (stop_id, stop_name, stop_lat, stop_lon, geom) VALUES ('308815', 'ALABAMA AV/FULTON ST', 40.67672, -73.899944, ST_MakePoint(-73.899944, 40.67672));
INSERT INTO stops (stop_id, stop_name, stop_lat, stop_lon, geom) VALUES ('904253', 'LEFFERTS BLVD/AIRTRAIN STATION', 40.66151, -73.824107, ST_MakePoint(-73.824107, 40.66151));
INSERT INTO stops (stop_id, stop_name, stop_lat, stop_lon, geom) VALUES ('300136', 'ORIENTAL BLVD/MACKENZIE ST', 40.578031, -73.939993, ST_MakePoint(-73.939993, 40.578031));
INSERT INTO stops (stop_id, stop_name, stop_lat, stop_lon, geom) VALUES ('307393', 'MARCUS GARVEY BLVD/BROADWAY', 40.699716, -73.941451, ST_MakePoint(-73.941451, 40.699716));
INSERT INTO stops (stop_id, stop_name, stop_lat, stop_lon, geom) VALUES ('901089', 'PARKSIDE AV/OCEAN AV', 40.654848, -73.961754, ST_MakePoint(-73.961754, 40.654848));
INSERT INTO stops (stop_id, stop_name, stop_lat, stop_lon, geom) VALUES ('301602', 'SHORE RD/4 AV', 40.611761, -74.03512, ST_MakePoint(-74.03512, 40.611761));
INSERT INTO routes (route_id, route_short_name, start_stop_id, end_stop_id) VALUES ('B1', 'B1', '308644', '300136');
INSERT INTO routes (route_id, route_short_name, start_stop_id, end_stop_id) VALUES ('B11', 'B11', '306581', '306468');
INSERT INTO routes (route_id, route_short_name, start_stop_id, end_stop_id) VALUES ('B12', 'B12', '308815', '901089');
INSERT INTO routes (route_id, route_short_name, start_stop_id, end_stop_id) VALUES ('B13', 'B13', '301879', '901475');
INSERT INTO routes (route_id, route_short_name, start_stop_id, end_stop_id) VALUES ('B14', 'B14', '307269', '307984');
INSERT INTO routes (route_id, route_short_name, start_stop_id, end_stop_id) VALUES ('B15', 'B15', '307393', '904253');
INSERT INTO routes (route_id, route_short_name, start_stop_id, end_stop_id) VALUES ('B16', 'B16', '301602', '801030');
INSERT INTO routes (route_id, route_short_name, start_stop_id, end_stop_id) VALUES ('B17', 'B17', '301726', '901019');
INSERT INTO vehicles_realtime (vehicle_id, status, home_depot_id) VALUES ('BUS-EAST_NEW_YORK-001', 'available', 'east_new_york');
INSERT INTO vehicles_realtime (vehicle_id, status, home_depot_id) VALUES ('BUS-EAST_NEW_YORK-002', 'available', 'east_new_york');
INSERT INTO vehicles_realtime (vehicle_id, status, home_depot_id) VALUES ('BUS-EAST_NEW_YORK-003', 'available', 'east_new_york');
INSERT INTO vehicles_realtime (vehicle_id, status, home_depot_id) VALUES ('BUS-EAST_NEW_YORK-004', 'available', 'east_new_york');
INSERT INTO vehicles_realtime (vehicle_id, status, home_depot_id) VALUES ('BUS-EAST_NEW_YORK-005', 'available', 'east_new_york');
INSERT INTO vehicles_realtime (vehicle_id, status, home_depot_id) VALUES ('BUS-EAST_NEW_YORK-006', 'available', 'east_new_york');
INSERT INTO vehicles_realtime (vehicle_id, status, home_depot_id) VALUES ('BUS-EAST_NEW_YORK-007', 'available', 'east_new_york');
INSERT INTO vehicles_realtime (vehicle_id, status, home_depot_id) VALUES ('BUS-EAST_NEW_YORK-008', 'available', 'east_new_york');
INSERT INTO vehicles_realtime (vehicle_id, status, home_depot_id) VALUES ('BUS-EAST_NEW_YORK-009', 'available', 'east_new_york');
INSERT INTO vehicles_realtime (vehicle_id, status, home_depot_id) VALUES ('BUS-EAST_NEW_YORK-010', 'available', 'east_new_york');
INSERT INTO vehicles_realtime (vehicle_id, status, home_depot_id) VALUES ('BUS-EAST_NEW_YORK-011', 'available', 'east_new_york');
INSERT INTO vehicles_realtime (vehicle_id, status, home_depot_id) VALUES ('BUS-EAST_NEW_YORK-012', 'available', 'east_new_york');
INSERT INTO vehicles_realtime (vehicle_id, status, home_depot_id) VALUES ('BUS-EAST_NEW_YORK-013', 'available', 'east_new_york');
INSERT INTO vehicles_realtime (vehicle_id, status, home_depot_id) VALUES ('BUS-EAST_NEW_YORK-014', 'available', 'east_new_york');
INSERT INTO vehicles_realtime (vehicle_id, status, home_depot_id) VALUES ('BUS-EAST_NEW_YORK-015', 'available', 'east_new_york');
INSERT INTO vehicles_realtime (vehicle_id, status, home_depot_id) VALUES ('BUS-EAST_NEW_YORK-016', 'available', 'east_new_york');
INSERT INTO vehicles_realtime (vehicle_id, status, home_depot_id) VALUES ('BUS-EAST_NEW_YORK-017', 'available', 'east_new_york');
INSERT INTO vehicles_realtime (vehicle_id, status, home_depot_id) VALUES ('BUS-EAST_NEW_YORK-018', 'available', 'east_new_york');
INSERT INTO vehicles_realtime (vehicle_id, status, home_depot_id) VALUES ('BUS-EAST_NEW_YORK-019', 'available', 'east_new_york');
INSERT INTO vehicles_realtime (vehicle_id, status, home_depot_id) VALUES ('BUS-EAST_NEW_YORK-020', 'available', 'east_new_york');
INSERT INTO vehicles_realtime (vehicle_id, status, home_depot_id) VALUES ('BUS-EAST_NEW_YORK-021', 'available', 'east_new_york');
INSERT INTO vehicles_realtime (vehicle_id, status, home_depot_id) VALUES ('BUS-EAST_NEW_YORK-022', 'available', 'east_new_york');
INSERT INTO vehicles_realtime (vehicle_id, status, home_depot_id) VALUES ('BUS-EAST_NEW_YORK-023', 'available', 'east_new_york');
INSERT INTO vehicles_realtime (vehicle_id, status, home_depot_id) VALUES ('BUS-EAST_NEW_YORK-024', 'available', 'east_new_york');
INSERT INTO vehicles_realtime (vehicle_id, status, home_depot_id) VALUES ('BUS-EAST_NEW_YORK-025', 'available', 'east_new_york');
INSERT INTO vehicles_realtime (vehicle_id, status, home_depot_id) VALUES ('BUS-EAST_NEW_YORK-026', 'available', 'east_new_york');
INSERT INTO vehicles_realtime (vehicle_id, status, home_depot_id) VALUES ('BUS-EAST_NEW_YORK-027', 'available', 'east_new_york');
INSERT INTO vehicles_realtime (vehicle_id, status, home_depot_id) VALUES ('BUS-EAST_NEW_YORK-028', 'available', 'east_new_york');
INSERT INTO vehicles_realtime (vehicle_id, status, home_depot_id) VALUES ('BUS-EAST_NEW_YORK-029', 'available', 'east_new_york');
INSERT INTO vehicles_realtime (vehicle_id, status, home_depot_id) VALUES ('BUS-EAST_NEW_YORK-030', 'available', 'east_new_york');
INSERT INTO vehicles_realtime (vehicle_id, status, home_depot_id) VALUES ('BUS-EAST_NEW_YORK-031', 'available', 'east_new_york');
INSERT INTO vehicles_realtime (vehicle_id, status, home_depot_id) VALUES ('BUS-EAST_NEW_YORK-032', 'available', 'east_new_york');
INSERT INTO vehicles_realtime (vehicle_id, status, home_depot_id) VALUES ('BUS-EAST_NEW_YORK-033', 'available', 'east_new_york');
INSERT INTO vehicles_realtime (vehicle_id, status, home_depot_id) VALUES ('BUS-EAST_NEW_YORK-034', 'available', 'east_new_york');
INSERT INTO vehicles_realtime (vehicle_id, status, home_depot_id) VALUES ('BUS-EAST_NEW_YORK-035', 'available', 'east_new_york');
INSERT INTO vehicles_realtime (vehicle_id, status, home_depot_id) VALUES ('BUS-EAST_NEW_YORK-036', 'available', 'east_new_york');
INSERT INTO vehicles_realtime (vehicle_id, status, home_depot_id) VALUES ('BUS-EAST_NEW_YORK-037', 'available', 'east_new_york');
INSERT INTO vehicles_realtime (vehicle_id, status, home_depot_id) VALUES ('BUS-EAST_NEW_YORK-038', 'available', 'east_new_york');
INSERT INTO vehicles_realtime (vehicle_id, status, home_depot_id) VALUES ('BUS-EAST_NEW_YORK-039', 'available', 'east_new_york');
INSERT INTO vehicles_realtime (vehicle_id, status, home_depot_id) VALUES ('BUS-EAST_NEW_YORK-040', 'available', 'east_new_york');
INSERT INTO vehicles_realtime (vehicle_id, status, home_depot_id) VALUES ('BUS-EAST_NEW_YORK-041', 'available', 'east_new_york');
INSERT INTO vehicles_realtime (vehicle_id, status, home_depot_id) VALUES ('BUS-EAST_NEW_YORK-042', 'available', 'east_new_york');
INSERT INTO vehicles_realtime (vehicle_id, status, home_depot_id) VALUES ('BUS-EAST_NEW_YORK-043', 'available', 'east_new_york');
INSERT INTO vehicles_realtime (vehicle_id, status, home_depot_id) VALUES ('BUS-EAST_NEW_YORK-044', 'available', 'east_new_york');
INSERT INTO vehicles_realtime (vehicle_id, status, home_depot_id) VALUES ('BUS-EAST_NEW_YORK-045', 'available', 'east_new_york');
INSERT INTO vehicles_realtime (vehicle_id, status, home_depot_id) VALUES ('BUS-EAST_NEW_YORK-046', 'available', 'east_new_york');
INSERT INTO vehicles_realtime (vehicle_id, status, home_depot_id) VALUES ('BUS-EAST_NEW_YORK-047', 'available', 'east_new_york');
INSERT INTO vehicles_realtime (vehicle_id, status, home_depot_id) VALUES ('BUS-EAST_NEW_YORK-048', 'available', 'east_new_york');
INSERT INTO vehicles_realtime (vehicle_id, status, home_depot_id) VALUES ('BUS-EAST_NEW_YORK-049', 'available', 'east_new_york');
INSERT INTO vehicles_realtime (vehicle_id, status, home_depot_id) VALUES ('BUS-EAST_NEW_YORK-050', 'available', 'east_new_york');
INSERT INTO vehicles_realtime (vehicle_id, status, home_depot_id) VALUES ('BUS-EAST_NEW_YORK-051', 'available', 'east_new_york');
INSERT INTO vehicles_realtime (vehicle_id, status, home_depot_id) VALUES ('BUS-EAST_NEW_YORK-052', 'available', 'east_new_york');
INSERT INTO vehicles_realtime (vehicle_id, status, home_depot_id) VALUES ('BUS-EAST_NEW_YORK-053', 'available', 'east_new_york');
INSERT INTO vehicles_realtime (vehicle_id, status, home_depot_id) VALUES ('BUS-EAST_NEW_YORK-054', 'available', 'east_new_york');
INSERT INTO vehicles_realtime (vehicle_id, status, home_depot_id) VALUES ('BUS-EAST_NEW_YORK-055', 'available', 'east_new_york');
INSERT INTO vehicles_realtime (vehicle_id, status, home_depot_id) VALUES ('BUS-EAST_NEW_YORK-056', 'available', 'east_new_york');
INSERT INTO vehicles_realtime (vehicle_id, status, home_depot_id) VALUES ('BUS-EAST_NEW_YORK-057', 'available', 'east_new_york');
INSERT INTO vehicles_realtime (vehicle_id, status, home_depot_id) VALUES ('BUS-EAST_NEW_YORK-058', 'available', 'east_new_york');
INSERT INTO vehicles_realtime (vehicle_id, status, home_depot_id) VALUES ('BUS-EAST_NEW_YORK-059', 'available', 'east_new_york');
INSERT INTO vehicles_realtime (vehicle_id, status, home_depot_id) VALUES ('BUS-EAST_NEW_YORK-060', 'available', 'east_new_york');
INSERT INTO vehicles_realtime (vehicle_id, status, home_depot_id) VALUES ('BUS-EAST_NEW_YORK-061', 'available', 'east_new_york');
INSERT INTO vehicles_realtime (vehicle_id, status, home_depot_id) VALUES ('BUS-EAST_NEW_YORK-062', 'available', 'east_new_york');
INSERT INTO vehicles_realtime (vehicle_id, status, home_depot_id) VALUES ('BUS-EAST_NEW_YORK-063', 'available', 'east_new_york');
INSERT INTO vehicles_realtime (vehicle_id, status, home_depot_id) VALUES ('BUS-EAST_NEW_YORK-064', 'available', 'east_new_york');
INSERT INTO vehicles_realtime (vehicle_id, status, home_depot_id) VALUES ('BUS-EAST_NEW_YORK-065', 'available', 'east_new_york');
INSERT INTO vehicles_realtime (vehicle_id, status, home_depot_id) VALUES ('BUS-EAST_NEW_YORK-066', 'available', 'east_new_york');
INSERT INTO vehicles_realtime (vehicle_id, status, home_depot_id) VALUES ('BUS-EAST_NEW_YORK-067', 'available', 'east_new_york');
INSERT INTO vehicles_realtime (vehicle_id, status, home_depot_id) VALUES ('BUS-EAST_NEW_YORK-068', 'available', 'east_new_york');
INSERT INTO vehicles_realtime (vehicle_id, status, home_depot_id) VALUES ('BUS-EAST_NEW_YORK-069', 'available', 'east_new_york');
INSERT INTO vehicles_realtime (vehicle_id, status, home_depot_id) VALUES ('BUS-EAST_NEW_YORK-070', 'available', 'east_new_york');
INSERT INTO vehicles_realtime (vehicle_id, status, home_depot_id) VALUES ('BUS-EAST_NEW_YORK-071', 'available', 'east_new_york');
INSERT INTO vehicles_realtime (vehicle_id, status, home_depot_id) VALUES ('BUS-EAST_NEW_YORK-072', 'available', 'east_new_york');
INSERT INTO vehicles_realtime (vehicle_id, status, home_depot_id) VALUES ('BUS-EAST_NEW_YORK-073', 'available', 'east_new_york');
INSERT INTO vehicles_realtime (vehicle_id, status, home_depot_id) VALUES ('BUS-EAST_NEW_YORK-074', 'available', 'east_new_york');
INSERT INTO vehicles_realtime (vehicle_id, status, home_depot_id) VALUES ('BUS-EAST_NEW_YORK-075', 'available', 'east_new_york');
INSERT INTO vehicles_realtime (vehicle_id, status, home_depot_id) VALUES ('BUS-EAST_NEW_YORK-076', 'available', 'east_new_york');
INSERT INTO vehicles_realtime (vehicle_id, status, home_depot_id) VALUES ('BUS-EAST_NEW_YORK-077', 'available', 'east_new_york');
INSERT INTO vehicles_realtime (vehicle_id, status, home_depot_id) VALUES ('BUS-EAST_NEW_YORK-078', 'available', 'east_new_york');
INSERT INTO vehicles_realtime (vehicle_id, status, home_depot_id) VALUES ('BUS-EAST_NEW_YORK-079', 'available', 'east_new_york');
INSERT INTO vehicles_realtime (vehicle_id, status, home_depot_id) VALUES ('BUS-EAST_NEW_YORK-080', 'available', 'east_new_york');
INSERT INTO vehicles_realtime (vehicle_id, status, home_depot_id) VALUES ('BUS-EAST_NEW_YORK-081', 'available', 'east_new_york');
INSERT INTO vehicles_realtime (vehicle_id, status, home_depot_id) VALUES ('BUS-EAST_NEW_YORK-082', 'available', 'east_new_york');
INSERT INTO vehicles_realtime (vehicle_id, status, home_depot_id) VALUES ('BUS-EAST_NEW_YORK-083', 'available', 'east_new_york');
INSERT INTO vehicles_realtime (vehicle_id, status, home_depot_id) VALUES ('BUS-EAST_NEW_YORK-084', 'available', 'east_new_york');
INSERT INTO vehicles_realtime (vehicle_id, status, home_depot_id) VALUES ('BUS-EAST_NEW_YORK-085', 'available', 'east_new_york');
INSERT INTO vehicles_realtime (vehicle_id, status, home_depot_id) VALUES ('BUS-EAST_NEW_YORK-086', 'available', 'east_new_york');
INSERT INTO vehicles_realtime (vehicle_id, status, home_depot_id) VALUES ('BUS-EAST_NEW_YORK-087', 'available', 'east_new_york');
INSERT INTO vehicles_realtime (vehicle_id, status, home_depot_id) VALUES ('BUS-EAST_NEW_YORK-088', 'available', 'east_new_york');
INSERT INTO vehicles_realtime (vehicle_id, status, home_depot_id) VALUES ('BUS-EAST_NEW_YORK-089', 'available', 'east_new_york');
INSERT INTO vehicles_realtime (vehicle_id, status, home_depot_id) VALUES ('BUS-EAST_NEW_YORK-090', 'available', 'east_new_york');
INSERT INTO vehicles_realtime (vehicle_id, status, home_depot_id) VALUES ('BUS-EAST_NEW_YORK-091', 'available', 'east_new_york');
INSERT INTO vehicles_realtime (vehicle_id, status, home_depot_id) VALUES ('BUS-EAST_NEW_YORK-092', 'available', 'east_new_york');
INSERT INTO vehicles_realtime (vehicle_id, status, home_depot_id) VALUES ('BUS-EAST_NEW_YORK-093', 'available', 'east_new_york');
INSERT INTO vehicles_realtime (vehicle_id, status, home_depot_id) VALUES ('BUS-EAST_NEW_YORK-094', 'available', 'east_new_york');
INSERT INTO vehicles_realtime (vehicle_id, status, home_depot_id) VALUES ('BUS-EAST_NEW_YORK-095', 'available', 'east_new_york');
INSERT INTO vehicles_realtime (vehicle_id, status, home_depot_id) VALUES ('BUS-EAST_NEW_YORK-096', 'available', 'east_new_york');
INSERT INTO vehicles_realtime (vehicle_id, status, home_depot_id) VALUES ('BUS-EAST_NEW_YORK-097', 'available', 'east_new_york');
INSERT INTO vehicles_realtime (vehicle_id, status, home_depot_id) VALUES ('BUS-EAST_NEW_YORK-098', 'available', 'east_new_york');
INSERT INTO vehicles_realtime (vehicle_id, status, home_depot_id) VALUES ('BUS-EAST_NEW_YORK-099', 'available', 'east_new_york');
INSERT INTO vehicles_realtime (vehicle_id, status, home_depot_id) VALUES ('BUS-EAST_NEW_YORK-100', 'available', 'east_new_york');
INSERT INTO vehicles_realtime (vehicle_id, status, home_depot_id) VALUES ('BUS-EAST_NEW_YORK-101', 'available', 'east_new_york');
INSERT INTO vehicles_realtime (vehicle_id, status, home_depot_id) VALUES ('BUS-EAST_NEW_YORK-102', 'available', 'east_new_york');
INSERT INTO vehicles_realtime (vehicle_id, status, home_depot_id) VALUES ('BUS-EAST_NEW_YORK-103', 'available', 'east_new_york');
INSERT INTO vehicles_realtime (vehicle_id, status, home_depot_id) VALUES ('BUS-EAST_NEW_YORK-104', 'available', 'east_new_york');
INSERT INTO vehicles_realtime (vehicle_id, status, home_depot_id) VALUES ('BUS-EAST_NEW_YORK-105', 'available', 'east_new_york');
INSERT INTO vehicles_realtime (vehicle_id, status, home_depot_id) VALUES ('BUS-EAST_NEW_YORK-106', 'available', 'east_new_york');
INSERT INTO vehicles_realtime (vehicle_id, status, home_depot_id) VALUES ('BUS-EAST_NEW_YORK-107', 'available', 'east_new_york');
INSERT INTO vehicles_realtime (vehicle_id, status, home_depot_id) VALUES ('BUS-EAST_NEW_YORK-108', 'available', 'east_new_york');
INSERT INTO vehicles_realtime (vehicle_id, status, home_depot_id) VALUES ('BUS-EAST_NEW_YORK-109', 'available', 'east_new_york');
INSERT INTO vehicles_realtime (vehicle_id, status, home_depot_id) VALUES ('BUS-EAST_NEW_YORK-110', 'available', 'east_new_york');
INSERT INTO vehicles_realtime (vehicle_id, status, home_depot_id) VALUES ('BUS-EAST_NEW_YORK-111', 'available', 'east_new_york');
INSERT INTO vehicles_realtime (vehicle_id, status, home_depot_id) VALUES ('BUS-EAST_NEW_YORK-112', 'available', 'east_new_york');
INSERT INTO vehicles_realtime (vehicle_id, status, home_depot_id) VALUES ('BUS-EAST_NEW_YORK-113', 'available', 'east_new_york');
INSERT INTO vehicles_realtime (vehicle_id, status, home_depot_id) VALUES ('BUS-EAST_NEW_YORK-114', 'available', 'east_new_york');
INSERT INTO vehicles_realtime (vehicle_id, status, home_depot_id) VALUES ('BUS-EAST_NEW_YORK-115', 'available', 'east_new_york');
INSERT INTO vehicles_realtime (vehicle_id, status, home_depot_id) VALUES ('BUS-EAST_NEW_YORK-116', 'available', 'east_new_york');
INSERT INTO vehicles_realtime (vehicle_id, status, home_depot_id) VALUES ('BUS-EAST_NEW_YORK-117', 'available', 'east_new_york');
INSERT INTO vehicles_realtime (vehicle_id, status, home_depot_id) VALUES ('BUS-EAST_NEW_YORK-118', 'available', 'east_new_york');
INSERT INTO vehicles_realtime (vehicle_id, status, home_depot_id) VALUES ('BUS-EAST_NEW_YORK-119', 'available', 'east_new_york');
INSERT INTO vehicles_realtime (vehicle_id, status, home_depot_id) VALUES ('BUS-EAST_NEW_YORK-120', 'available', 'east_new_york');
INSERT INTO vehicles_realtime (vehicle_id, status, home_depot_id) VALUES ('BUS-EAST_NEW_YORK-121', 'available', 'east_new_york');
INSERT INTO vehicles_realtime (vehicle_id, status, home_depot_id) VALUES ('BUS-EAST_NEW_YORK-122', 'available', 'east_new_york');
INSERT INTO vehicles_realtime (vehicle_id, status, home_depot_id) VALUES ('BUS-EAST_NEW_YORK-123', 'available', 'east_new_york');
INSERT INTO vehicles_realtime (vehicle_id, status, home_depot_id) VALUES ('BUS-EAST_NEW_YORK-124', 'available', 'east_new_york');
INSERT INTO vehicles_realtime (vehicle_id, status, home_depot_id) VALUES ('BUS-EAST_NEW_YORK-125', 'available', 'east_new_york');
INSERT INTO vehicles_realtime (vehicle_id, status, home_depot_id) VALUES ('BUS-EAST_NEW_YORK-126', 'available', 'east_new_york');
INSERT INTO vehicles_realtime (vehicle_id, status, home_depot_id) VALUES ('BUS-EAST_NEW_YORK-127', 'available', 'east_new_york');
INSERT INTO vehicles_realtime (vehicle_id, status, home_depot_id) VALUES ('BUS-EAST_NEW_YORK-128', 'available', 'east_new_york');
INSERT INTO vehicles_realtime (vehicle_id, status, home_depot_id) VALUES ('BUS-EAST_NEW_YORK-129', 'available', 'east_new_york');
INSERT INTO vehicles_realtime (vehicle_id, status, home_depot_id) VALUES ('BUS-EAST_NEW_YORK-130', 'available', 'east_new_york');
INSERT INTO vehicles_realtime (vehicle_id, status, home_depot_id) VALUES ('BUS-EAST_NEW_YORK-131', 'available', 'east_new_york');
INSERT INTO vehicles_realtime (vehicle_id, status, home_depot_id) VALUES ('BUS-EAST_NEW_YORK-132', 'available', 'east_new_york');
INSERT INTO vehicles_realtime (vehicle_id, status, home_depot_id) VALUES ('BUS-EAST_NEW_YORK-133', 'available', 'east_new_york');
INSERT INTO vehicles_realtime (vehicle_id, status, home_depot_id) VALUES ('BUS-EAST_NEW_YORK-134', 'available', 'east_new_york');
INSERT INTO vehicles_realtime (vehicle_id, status, home_depot_id) VALUES ('BUS-EAST_NEW_YORK-135', 'available', 'east_new_york');
INSERT INTO vehicles_realtime (vehicle_id, status, home_depot_id) VALUES ('BUS-EAST_NEW_YORK-136', 'available', 'east_new_york');
INSERT INTO vehicles_realtime (vehicle_id, status, home_depot_id) VALUES ('BUS-EAST_NEW_YORK-137', 'available', 'east_new_york');
INSERT INTO vehicles_realtime (vehicle_id, status, home_depot_id) VALUES ('BUS-EAST_NEW_YORK-138', 'available', 'east_new_york');
INSERT INTO vehicles_realtime (vehicle_id, status, home_depot_id) VALUES ('BUS-EAST_NEW_YORK-139', 'available', 'east_new_york');
INSERT INTO vehicles_realtime (vehicle_id, status, home_depot_id) VALUES ('BUS-EAST_NEW_YORK-140', 'available', 'east_new_york');
INSERT INTO vehicles_realtime (vehicle_id, status, home_depot_id) VALUES ('BUS-EAST_NEW_YORK-141', 'available', 'east_new_york');
INSERT INTO vehicles_realtime (vehicle_id, status, home_depot_id) VALUES ('BUS-EAST_NEW_YORK-142', 'available', 'east_new_york');
INSERT INTO vehicles_realtime (vehicle_id, status, home_depot_id) VALUES ('BUS-EAST_NEW_YORK-143', 'available', 'east_new_york');
INSERT INTO vehicles_realtime (vehicle_id, status, home_depot_id) VALUES ('BUS-EAST_NEW_YORK-144', 'available', 'east_new_york');
INSERT INTO vehicles_realtime (vehicle_id, status, home_depot_id) VALUES ('BUS-EAST_NEW_YORK-145', 'available', 'east_new_york');
INSERT INTO vehicles_realtime (vehicle_id, status, home_depot_id) VALUES ('BUS-EAST_NEW_YORK-146', 'available', 'east_new_york');
INSERT INTO vehicles_realtime (vehicle_id, status, home_depot_id) VALUES ('BUS-EAST_NEW_YORK-147', 'available', 'east_new_york');
INSERT INTO vehicles_realtime (vehicle_id, status, home_depot_id) VALUES ('BUS-EAST_NEW_YORK-148', 'available', 'east_new_york');
INSERT INTO vehicles_realtime (vehicle_id, status, home_depot_id) VALUES ('BUS-EAST_NEW_YORK-149', 'available', 'east_new_york');
INSERT INTO vehicles_realtime (vehicle_id, status, home_depot_id) VALUES ('BUS-EAST_NEW_YORK-150', 'available', 'east_new_york');
INSERT INTO vehicles_realtime (vehicle_id, status, home_depot_id) VALUES ('BUS-EAST_NEW_YORK-151', 'available', 'east_new_york');
INSERT INTO vehicles_realtime (vehicle_id, status, home_depot_id) VALUES ('BUS-EAST_NEW_YORK-152', 'available', 'east_new_york');
INSERT INTO vehicles_realtime (vehicle_id, status, home_depot_id) VALUES ('BUS-EAST_NEW_YORK-153', 'available', 'east_new_york');
INSERT INTO vehicles_realtime (vehicle_id, status, home_depot_id) VALUES ('BUS-EAST_NEW_YORK-154', 'available', 'east_new_york');
INSERT INTO vehicles_realtime (vehicle_id, status, home_depot_id) VALUES ('BUS-EAST_NEW_YORK-155', 'available', 'east_new_york');
INSERT INTO vehicles_realtime (vehicle_id, status, home_depot_id) VALUES ('BUS-EAST_NEW_YORK-156', 'available', 'east_new_york');
INSERT INTO vehicles_realtime (vehicle_id, status, home_depot_id) VALUES ('BUS-EAST_NEW_YORK-157', 'available', 'east_new_york');
INSERT INTO vehicles_realtime (vehicle_id, status, home_depot_id) VALUES ('BUS-EAST_NEW_YORK-158', 'available', 'east_new_york');
INSERT INTO vehicles_realtime (vehicle_id, status, home_depot_id) VALUES ('BUS-EAST_NEW_YORK-159', 'available', 'east_new_york');
INSERT INTO vehicles_realtime (vehicle_id, status, home_depot_id) VALUES ('BUS-EAST_NEW_YORK-160', 'available', 'east_new_york');
INSERT INTO vehicles_realtime (vehicle_id, status, home_depot_id) VALUES ('BUS-EAST_NEW_YORK-161', 'available', 'east_new_york');
INSERT INTO vehicles_realtime (vehicle_id, status, home_depot_id) VALUES ('BUS-EAST_NEW_YORK-162', 'available', 'east_new_york');
INSERT INTO vehicles_realtime (vehicle_id, status, home_depot_id) VALUES ('BUS-EAST_NEW_YORK-163', 'available', 'east_new_york');
INSERT INTO vehicles_realtime (vehicle_id, status, home_depot_id) VALUES ('BUS-EAST_NEW_YORK-164', 'available', 'east_new_york');
INSERT INTO vehicles_realtime (vehicle_id, status, home_depot_id) VALUES ('BUS-EAST_NEW_YORK-165', 'available', 'east_new_york');
INSERT INTO vehicles_realtime (vehicle_id, status, home_depot_id) VALUES ('BUS-EAST_NEW_YORK-166', 'available', 'east_new_york');
INSERT INTO vehicles_realtime (vehicle_id, status, home_depot_id) VALUES ('BUS-EAST_NEW_YORK-167', 'available', 'east_new_york');
INSERT INTO vehicles_realtime (vehicle_id, status, home_depot_id) VALUES ('BUS-EAST_NEW_YORK-168', 'available', 'east_new_york');
INSERT INTO vehicles_realtime (vehicle_id, status, home_depot_id) VALUES ('BUS-EAST_NEW_YORK-169', 'available', 'east_new_york');
INSERT INTO vehicles_realtime (vehicle_id, status, home_depot_id) VALUES ('BUS-EAST_NEW_YORK-170', 'available', 'east_new_york');
INSERT INTO vehicles_realtime (vehicle_id, status, home_depot_id) VALUES ('BUS-EAST_NEW_YORK-171', 'available', 'east_new_york');
INSERT INTO vehicles_realtime (vehicle_id, status, home_depot_id) VALUES ('BUS-EAST_NEW_YORK-172', 'available', 'east_new_york');
INSERT INTO vehicles_realtime (vehicle_id, status, home_depot_id) VALUES ('BUS-EAST_NEW_YORK-173', 'available', 'east_new_york');
INSERT INTO vehicles_realtime (vehicle_id, status, home_depot_id) VALUES ('BUS-EAST_NEW_YORK-174', 'available', 'east_new_york');
INSERT INTO vehicles_realtime (vehicle_id, status, home_depot_id) VALUES ('BUS-EAST_NEW_YORK-175', 'available', 'east_new_york');
INSERT INTO vehicles_realtime (vehicle_id, status, home_depot_id) VALUES ('BUS-EAST_NEW_YORK-176', 'available', 'east_new_york');
INSERT INTO vehicles_realtime (vehicle_id, status, home_depot_id) VALUES ('BUS-EAST_NEW_YORK-177', 'available', 'east_new_york');
INSERT INTO vehicles_realtime (vehicle_id, status, home_depot_id) VALUES ('BUS-EAST_NEW_YORK-178', 'available', 'east_new_york');
INSERT INTO vehicles_realtime (vehicle_id, status, home_depot_id) VALUES ('BUS-EAST_NEW_YORK-179', 'available', 'east_new_york');
INSERT INTO vehicles_realtime (vehicle_id, status, home_depot_id) VALUES ('BUS-EAST_NEW_YORK-180', 'available', 'east_new_york');
INSERT INTO vehicles_realtime (vehicle_id, status, home_depot_id) VALUES ('BUS-EAST_NEW_YORK-181', 'available', 'east_new_york');
INSERT INTO vehicles_realtime (vehicle_id, status, home_depot_id) VALUES ('BUS-EAST_NEW_YORK-182', 'available', 'east_new_york');
INSERT INTO vehicles_realtime (vehicle_id, status, home_depot_id) VALUES ('BUS-EAST_NEW_YORK-183', 'available', 'east_new_york');
INSERT INTO vehicles_realtime (vehicle_id, status, home_depot_id) VALUES ('BUS-EAST_NEW_YORK-184', 'available', 'east_new_york');
INSERT INTO vehicles_realtime (vehicle_id, status, home_depot_id) VALUES ('BUS-EAST_NEW_YORK-185', 'available', 'east_new_york');
INSERT INTO vehicles_realtime (vehicle_id, status, home_depot_id) VALUES ('BUS-EAST_NEW_YORK-186', 'available', 'east_new_york');
INSERT INTO vehicles_realtime (vehicle_id, status, home_depot_id) VALUES ('BUS-EAST_NEW_YORK-187', 'available', 'east_new_york');
INSERT INTO vehicles_realtime (vehicle_id, status, home_depot_id) VALUES ('BUS-EAST_NEW_YORK-188', 'available', 'east_new_york');
INSERT INTO vehicles_realtime (vehicle_id, status, home_depot_id) VALUES ('BUS-EAST_NEW_YORK-189', 'available', 'east_new_york');
INSERT INTO vehicles_realtime (vehicle_id, status, home_depot_id) VALUES ('BUS-EAST_NEW_YORK-190', 'available', 'east_new_york');
INSERT INTO vehicles_realtime (vehicle_id, status, home_depot_id) VALUES ('BUS-EAST_NEW_YORK-191', 'available', 'east_new_york');
INSERT INTO vehicles_realtime (vehicle_id, status, home_depot_id) VALUES ('BUS-EAST_NEW_YORK-192', 'available', 'east_new_york');
INSERT INTO vehicles_realtime (vehicle_id, status, home_depot_id) VALUES ('BUS-EAST_NEW_YORK-193', 'available', 'east_new_york');
INSERT INTO vehicles_realtime (vehicle_id, status, home_depot_id) VALUES ('BUS-EAST_NEW_YORK-194', 'available', 'east_new_york');
INSERT INTO vehicles_realtime (vehicle_id, status, home_depot_id) VALUES ('BUS-EAST_NEW_YORK-195', 'available', 'east_new_york');
INSERT INTO vehicles_realtime (vehicle_id, status, home_depot_id) VALUES ('BUS-EAST_NEW_YORK-196', 'available', 'east_new_york');
INSERT INTO vehicles_realtime (vehicle_id, status, home_depot_id) VALUES ('BUS-EAST_NEW_YORK-197', 'available', 'east_new_york');
INSERT INTO vehicles_realtime (vehicle_id, status, home_depot_id) VALUES ('BUS-EAST_NEW_YORK-198', 'available', 'east_new_york');
INSERT INTO vehicles_realtime (vehicle_id, status, home_depot_id) VALUES ('BUS-EAST_NEW_YORK-199', 'available', 'east_new_york');
INSERT INTO vehicles_realtime (vehicle_id, status, home_depot_id) VALUES ('BUS-EAST_NEW_YORK-200', 'available', 'east_new_york');
INSERT INTO vehicles_realtime (vehicle_id, status, home_depot_id) VALUES ('BUS-EAST_NEW_YORK-201', 'available', 'east_new_york');
INSERT INTO vehicles_realtime (vehicle_id, status, home_depot_id) VALUES ('BUS-EAST_NEW_YORK-202', 'available', 'east_new_york');
INSERT INTO vehicles_realtime (vehicle_id, status, home_depot_id) VALUES ('BUS-EAST_NEW_YORK-203', 'available', 'east_new_york');
INSERT INTO vehicles_realtime (vehicle_id, status, home_depot_id) VALUES ('BUS-EAST_NEW_YORK-204', 'available', 'east_new_york');
INSERT INTO vehicles_realtime (vehicle_id, status, home_depot_id) VALUES ('BUS-EAST_NEW_YORK-205', 'available', 'east_new_york');
INSERT INTO vehicles_realtime (vehicle_id, status, home_depot_id) VALUES ('BUS-EAST_NEW_YORK-206', 'available', 'east_new_york');
INSERT INTO vehicles_realtime (vehicle_id, status, home_depot_id) VALUES ('BUS-EAST_NEW_YORK-207', 'available', 'east_new_york');
INSERT INTO vehicles_realtime (vehicle_id, status, home_depot_id) VALUES ('BUS-EAST_NEW_YORK-208', 'available', 'east_new_york');
INSERT INTO vehicles_realtime (vehicle_id, status, home_depot_id) VALUES ('BUS-EAST_NEW_YORK-209', 'available', 'east_new_york');
INSERT INTO vehicles_realtime (vehicle_id, status, home_depot_id) VALUES ('BUS-EAST_NEW_YORK-210', 'available', 'east_new_york');
INSERT INTO vehicles_realtime (vehicle_id, status, home_depot_id) VALUES ('BUS-EAST_NEW_YORK-211', 'available', 'east_new_york');
INSERT INTO vehicles_realtime (vehicle_id, status, home_depot_id) VALUES ('BUS-EAST_NEW_YORK-212', 'available', 'east_new_york');
INSERT INTO vehicles_realtime (vehicle_id, status, home_depot_id) VALUES ('BUS-EAST_NEW_YORK-213', 'available', 'east_new_york');
INSERT INTO vehicles_realtime (vehicle_id, status, home_depot_id) VALUES ('BUS-EAST_NEW_YORK-214', 'available', 'east_new_york');
INSERT INTO vehicles_realtime (vehicle_id, status, home_depot_id) VALUES ('BUS-EAST_NEW_YORK-215', 'available', 'east_new_york');
INSERT INTO vehicles_realtime (vehicle_id, status, home_depot_id) VALUES ('BUS-EAST_NEW_YORK-216', 'available', 'east_new_york');
INSERT INTO vehicles_realtime (vehicle_id, status, home_depot_id) VALUES ('BUS-EAST_NEW_YORK-217', 'available', 'east_new_york');
INSERT INTO vehicles_realtime (vehicle_id, status, home_depot_id) VALUES ('BUS-EAST_NEW_YORK-218', 'available', 'east_new_york');
INSERT INTO vehicles_realtime (vehicle_id, status, home_depot_id) VALUES ('BUS-EAST_NEW_YORK-219', 'available', 'east_new_york');
INSERT INTO vehicles_realtime (vehicle_id, status, home_depot_id) VALUES ('BUS-EAST_NEW_YORK-220', 'available', 'east_new_york');
INSERT INTO vehicles_realtime (vehicle_id, status, home_depot_id) VALUES ('BUS-EAST_NEW_YORK-221', 'available', 'east_new_york');
INSERT INTO vehicles_realtime (vehicle_id, status, home_depot_id) VALUES ('BUS-EAST_NEW_YORK-222', 'available', 'east_new_york');
INSERT INTO vehicles_realtime (vehicle_id, status, home_depot_id) VALUES ('BUS-EAST_NEW_YORK-223', 'available', 'east_new_york');
INSERT INTO vehicles_realtime (vehicle_id, status, home_depot_id) VALUES ('BUS-EAST_NEW_YORK-224', 'available', 'east_new_york');
INSERT INTO vehicles_realtime (vehicle_id, status, home_depot_id) VALUES ('BUS-EAST_NEW_YORK-225', 'available', 'east_new_york');
INSERT INTO vehicles_realtime (vehicle_id, status, home_depot_id) VALUES ('BUS-EAST_NEW_YORK-226', 'available', 'east_new_york');
INSERT INTO vehicles_realtime (vehicle_id, status, home_depot_id) VALUES ('BUS-EAST_NEW_YORK-227', 'available', 'east_new_york');
INSERT INTO vehicles_realtime (vehicle_id, status, home_depot_id) VALUES ('BUS-EAST_NEW_YORK-228', 'available', 'east_new_york');
INSERT INTO vehicles_realtime (vehicle_id, status, home_depot_id) VALUES ('BUS-EAST_NEW_YORK-229', 'available', 'east_new_york');
INSERT INTO vehicles_realtime (vehicle_id, status, home_depot_id) VALUES ('BUS-EAST_NEW_YORK-230', 'available', 'east_new_york');
INSERT INTO vehicles_realtime (vehicle_id, status, home_depot_id) VALUES ('BUS-EAST_NEW_YORK-231', 'available', 'east_new_york');
INSERT INTO vehicles_realtime (vehicle_id, status, home_depot_id) VALUES ('BUS-EAST_NEW_YORK-232', 'available', 'east_new_york');
INSERT INTO vehicles_realtime (vehicle_id, status, home_depot_id) VALUES ('BUS-EAST_NEW_YORK-233', 'available', 'east_new_york');
INSERT INTO vehicles_realtime (vehicle_id, status, home_depot_id) VALUES ('BUS-EAST_NEW_YORK-234', 'available', 'east_new_york');
INSERT INTO vehicles_realtime (vehicle_id, status, home_depot_id) VALUES ('BUS-EAST_NEW_YORK-235', 'available', 'east_new_york');
INSERT INTO vehicles_realtime (vehicle_id, status, home_depot_id) VALUES ('BUS-EAST_NEW_YORK-236', 'available', 'east_new_york');
INSERT INTO vehicles_realtime (vehicle_id, status, home_depot_id) VALUES ('BUS-EAST_NEW_YORK-237', 'available', 'east_new_york');
INSERT INTO vehicles_realtime (vehicle_id, status, home_depot_id) VALUES ('BUS-EAST_NEW_YORK-238', 'available', 'east_new_york');
INSERT INTO vehicles_realtime (vehicle_id, status, home_depot_id) VALUES ('BUS-EAST_NEW_YORK-239', 'available', 'east_new_york');
INSERT INTO vehicles_realtime (vehicle_id, status, home_depot_id) VALUES ('BUS-EAST_NEW_YORK-240', 'available', 'east_new_york');
INSERT INTO vehicles_realtime (vehicle_id, status, home_depot_id) VALUES ('BUS-EAST_NEW_YORK-241', 'available', 'east_new_york');
INSERT INTO vehicles_realtime (vehicle_id, status, home_depot_id) VALUES ('BUS-EAST_NEW_YORK-242', 'available', 'east_new_york');
INSERT INTO vehicles_realtime (vehicle_id, status, home_depot_id) VALUES ('BUS-EAST_NEW_YORK-243', 'available', 'east_new_york');
INSERT INTO vehicles_realtime (vehicle_id, status, home_depot_id) VALUES ('BUS-EAST_NEW_YORK-244', 'available', 'east_new_york');
INSERT INTO vehicles_realtime (vehicle_id, status, home_depot_id) VALUES ('BUS-EAST_NEW_YORK-245', 'available', 'east_new_york');
INSERT INTO vehicles_realtime (vehicle_id, status, home_depot_id) VALUES ('BUS-EAST_NEW_YORK-246', 'available', 'east_new_york');
INSERT INTO vehicles_realtime (vehicle_id, status, home_depot_id) VALUES ('BUS-EAST_NEW_YORK-247', 'available', 'east_new_york');
INSERT INTO vehicles_realtime (vehicle_id, status, home_depot_id) VALUES ('BUS-EAST_NEW_YORK-248', 'available', 'east_new_york');
INSERT INTO vehicles_realtime (vehicle_id, status, home_depot_id) VALUES ('BUS-EAST_NEW_YORK-249', 'available', 'east_new_york');
INSERT INTO vehicles_realtime (vehicle_id, status, home_depot_id) VALUES ('BUS-EAST_NEW_YORK-250', 'available', 'east_new_york');
INSERT INTO vehicles_realtime (vehicle_id, status, home_depot_id) VALUES ('BUS-EAST_NEW_YORK-251', 'available', 'east_new_york');
INSERT INTO vehicles_realtime (vehicle_id, status, home_depot_id) VALUES ('BUS-EAST_NEW_YORK-252', 'available', 'east_new_york');
INSERT INTO vehicles_realtime (vehicle_id, status, home_depot_id) VALUES ('BUS-EAST_NEW_YORK-253', 'available', 'east_new_york');
INSERT INTO vehicles_realtime (vehicle_id, status, home_depot_id) VALUES ('BUS-EAST_NEW_YORK-254', 'available', 'east_new_york');
INSERT INTO vehicles_realtime (vehicle_id, status, home_depot_id) VALUES ('BUS-EAST_NEW_YORK-255', 'available', 'east_new_york');
INSERT INTO vehicles_realtime (vehicle_id, status, home_depot_id) VALUES ('BUS-EAST_NEW_YORK-256', 'available', 'east_new_york');
INSERT INTO vehicles_realtime (vehicle_id, status, home_depot_id) VALUES ('BUS-EAST_NEW_YORK-257', 'available', 'east_new_york');
INSERT INTO vehicles_realtime (vehicle_id, status, home_depot_id) VALUES ('BUS-EAST_NEW_YORK-258', 'available', 'east_new_york');
INSERT INTO vehicles_realtime (vehicle_id, status, home_depot_id) VALUES ('BUS-EAST_NEW_YORK-259', 'available', 'east_new_york');
INSERT INTO vehicles_realtime (vehicle_id, status, home_depot_id) VALUES ('BUS-EAST_NEW_YORK-260', 'available', 'east_new_york');
INSERT INTO vehicles_realtime (vehicle_id, status, home_depot_id) VALUES ('BUS-EAST_NEW_YORK-261', 'available', 'east_new_york');
INSERT INTO vehicles_realtime (vehicle_id, status, home_depot_id) VALUES ('BUS-EAST_NEW_YORK-262', 'available', 'east_new_york');
INSERT INTO vehicles_realtime (vehicle_id, status, home_depot_id) VALUES ('BUS-EAST_NEW_YORK-263', 'available', 'east_new_york');
INSERT INTO vehicles_realtime (vehicle_id, status, home_depot_id) VALUES ('BUS-EAST_NEW_YORK-264', 'available', 'east_new_york');
INSERT INTO vehicles_realtime (vehicle_id, status, home_depot_id) VALUES ('BUS-EAST_NEW_YORK-265', 'available', 'east_new_york');
INSERT INTO vehicles_realtime (vehicle_id, status, home_depot_id) VALUES ('BUS-EAST_NEW_YORK-266', 'available', 'east_new_york');
INSERT INTO vehicles_realtime (vehicle_id, status, home_depot_id) VALUES ('BUS-EAST_NEW_YORK-267', 'available', 'east_new_york');
INSERT INTO vehicles_realtime (vehicle_id, status, home_depot_id) VALUES ('BUS-EAST_NEW_YORK-268', 'available', 'east_new_york');
INSERT INTO vehicles_realtime (vehicle_id, status, home_depot_id) VALUES ('BUS-EAST_NEW_YORK-269', 'available', 'east_new_york');
INSERT INTO vehicles_realtime (vehicle_id, status, home_depot_id) VALUES ('BUS-EAST_NEW_YORK-270', 'available', 'east_new_york');
INSERT INTO vehicles_realtime (vehicle_id, status, home_depot_id) VALUES ('BUS-EAST_NEW_YORK-271', 'available', 'east_new_york');
INSERT INTO vehicles_realtime (vehicle_id, status, home_depot_id) VALUES ('BUS-EAST_NEW_YORK-272', 'available', 'east_new_york');
INSERT INTO vehicles_realtime (vehicle_id, status, home_depot_id) VALUES ('BUS-EAST_NEW_YORK-273', 'available', 'east_new_york');
INSERT INTO vehicles_realtime (vehicle_id, status, home_depot_id) VALUES ('BUS-EAST_NEW_YORK-274', 'available', 'east_new_york');
INSERT INTO vehicles_realtime (vehicle_id, status, home_depot_id) VALUES ('BUS-EAST_NEW_YORK-275', 'available', 'east_new_york');
INSERT INTO vehicles_realtime (vehicle_id, status, home_depot_id) VALUES ('BUS-EAST_NEW_YORK-276', 'available', 'east_new_york');
INSERT INTO vehicles_realtime (vehicle_id, status, home_depot_id) VALUES ('BUS-EAST_NEW_YORK-277', 'available', 'east_new_york');
INSERT INTO vehicles_realtime (vehicle_id, status, home_depot_id) VALUES ('BUS-EAST_NEW_YORK-278', 'available', 'east_new_york');
INSERT INTO vehicles_realtime (vehicle_id, status, home_depot_id) VALUES ('BUS-EAST_NEW_YORK-279', 'available', 'east_new_york');
INSERT INTO vehicles_realtime (vehicle_id, status, home_depot_id) VALUES ('BUS-EAST_NEW_YORK-280', 'available', 'east_new_york');
INSERT INTO vehicles_realtime (vehicle_id, status, home_depot_id) VALUES ('BUS-FLATBUSH-001', 'available', 'flatbush');
INSERT INTO vehicles_realtime (vehicle_id, status, home_depot_id) VALUES ('BUS-FLATBUSH-002', 'available', 'flatbush');
INSERT INTO vehicles_realtime (vehicle_id, status, home_depot_id) VALUES ('BUS-FLATBUSH-003', 'available', 'flatbush');
INSERT INTO vehicles_realtime (vehicle_id, status, home_depot_id) VALUES ('BUS-FLATBUSH-004', 'available', 'flatbush');
INSERT INTO vehicles_realtime (vehicle_id, status, home_depot_id) VALUES ('BUS-FLATBUSH-005', 'available', 'flatbush');
INSERT INTO vehicles_realtime (vehicle_id, status, home_depot_id) VALUES ('BUS-FLATBUSH-006', 'available', 'flatbush');
INSERT INTO vehicles_realtime (vehicle_id, status, home_depot_id) VALUES ('BUS-FLATBUSH-007', 'available', 'flatbush');
INSERT INTO vehicles_realtime (vehicle_id, status, home_depot_id) VALUES ('BUS-FLATBUSH-008', 'available', 'flatbush');
INSERT INTO vehicles_realtime (vehicle_id, status, home_depot_id) VALUES ('BUS-FLATBUSH-009', 'available', 'flatbush');
INSERT INTO vehicles_realtime (vehicle_id, status, home_depot_id) VALUES ('BUS-FLATBUSH-010', 'available', 'flatbush');
INSERT INTO vehicles_realtime (vehicle_id, status, home_depot_id) VALUES ('BUS-FLATBUSH-011', 'available', 'flatbush');
INSERT INTO vehicles_realtime (vehicle_id, status, home_depot_id) VALUES ('BUS-FLATBUSH-012', 'available', 'flatbush');
INSERT INTO vehicles_realtime (vehicle_id, status, home_depot_id) VALUES ('BUS-FLATBUSH-013', 'available', 'flatbush');
INSERT INTO vehicles_realtime (vehicle_id, status, home_depot_id) VALUES ('BUS-FLATBUSH-014', 'available', 'flatbush');
INSERT INTO vehicles_realtime (vehicle_id, status, home_depot_id) VALUES ('BUS-FLATBUSH-015', 'available', 'flatbush');
INSERT INTO vehicles_realtime (vehicle_id, status, home_depot_id) VALUES ('BUS-FLATBUSH-016', 'available', 'flatbush');
INSERT INTO vehicles_realtime (vehicle_id, status, home_depot_id) VALUES ('BUS-FLATBUSH-017', 'available', 'flatbush');
INSERT INTO vehicles_realtime (vehicle_id, status, home_depot_id) VALUES ('BUS-FLATBUSH-018', 'available', 'flatbush');
INSERT INTO vehicles_realtime (vehicle_id, status, home_depot_id) VALUES ('BUS-FLATBUSH-019', 'available', 'flatbush');
INSERT INTO vehicles_realtime (vehicle_id, status, home_depot_id) VALUES ('BUS-FLATBUSH-020', 'available', 'flatbush');
INSERT INTO vehicles_realtime (vehicle_id, status, home_depot_id) VALUES ('BUS-FLATBUSH-021', 'available', 'flatbush');
INSERT INTO vehicles_realtime (vehicle_id, status, home_depot_id) VALUES ('BUS-FLATBUSH-022', 'available', 'flatbush');
INSERT INTO vehicles_realtime (vehicle_id, status, home_depot_id) VALUES ('BUS-FLATBUSH-023', 'available', 'flatbush');
INSERT INTO vehicles_realtime (vehicle_id, status, home_depot_id) VALUES ('BUS-FLATBUSH-024', 'available', 'flatbush');
INSERT INTO vehicles_realtime (vehicle_id, status, home_depot_id) VALUES ('BUS-FLATBUSH-025', 'available', 'flatbush');
INSERT INTO vehicles_realtime (vehicle_id, status, home_depot_id) VALUES ('BUS-FLATBUSH-026', 'available', 'flatbush');
INSERT INTO vehicles_realtime (vehicle_id, status, home_depot_id) VALUES ('BUS-FLATBUSH-027', 'available', 'flatbush');
INSERT INTO vehicles_realtime (vehicle_id, status, home_depot_id) VALUES ('BUS-FLATBUSH-028', 'available', 'flatbush');
INSERT INTO vehicles_realtime (vehicle_id, status, home_depot_id) VALUES ('BUS-FLATBUSH-029', 'available', 'flatbush');
INSERT INTO vehicles_realtime (vehicle_id, status, home_depot_id) VALUES ('BUS-FLATBUSH-030', 'available', 'flatbush');
INSERT INTO vehicles_realtime (vehicle_id, status, home_depot_id) VALUES ('BUS-FLATBUSH-031', 'available', 'flatbush');
INSERT INTO vehicles_realtime (vehicle_id, status, home_depot_id) VALUES ('BUS-FLATBUSH-032', 'available', 'flatbush');
INSERT INTO vehicles_realtime (vehicle_id, status, home_depot_id) VALUES ('BUS-FLATBUSH-033', 'available', 'flatbush');
INSERT INTO vehicles_realtime (vehicle_id, status, home_depot_id) VALUES ('BUS-FLATBUSH-034', 'available', 'flatbush');
INSERT INTO vehicles_realtime (vehicle_id, status, home_depot_id) VALUES ('BUS-FLATBUSH-035', 'available', 'flatbush');
INSERT INTO vehicles_realtime (vehicle_id, status, home_depot_id) VALUES ('BUS-FLATBUSH-036', 'available', 'flatbush');
INSERT INTO vehicles_realtime (vehicle_id, status, home_depot_id) VALUES ('BUS-FLATBUSH-037', 'available', 'flatbush');
INSERT INTO vehicles_realtime (vehicle_id, status, home_depot_id) VALUES ('BUS-FLATBUSH-038', 'available', 'flatbush');
INSERT INTO vehicles_realtime (vehicle_id, status, home_depot_id) VALUES ('BUS-FLATBUSH-039', 'available', 'flatbush');
INSERT INTO vehicles_realtime (vehicle_id, status, home_depot_id) VALUES ('BUS-FLATBUSH-040', 'available', 'flatbush');
INSERT INTO vehicles_realtime (vehicle_id, status, home_depot_id) VALUES ('BUS-FLATBUSH-041', 'available', 'flatbush');
INSERT INTO vehicles_realtime (vehicle_id, status, home_depot_id) VALUES ('BUS-FLATBUSH-042', 'available', 'flatbush');
INSERT INTO vehicles_realtime (vehicle_id, status, home_depot_id) VALUES ('BUS-FLATBUSH-043', 'available', 'flatbush');
INSERT INTO vehicles_realtime (vehicle_id, status, home_depot_id) VALUES ('BUS-FLATBUSH-044', 'available', 'flatbush');
INSERT INTO vehicles_realtime (vehicle_id, status, home_depot_id) VALUES ('BUS-FLATBUSH-045', 'available', 'flatbush');
INSERT INTO vehicles_realtime (vehicle_id, status, home_depot_id) VALUES ('BUS-FLATBUSH-046', 'available', 'flatbush');
INSERT INTO vehicles_realtime (vehicle_id, status, home_depot_id) VALUES ('BUS-FLATBUSH-047', 'available', 'flatbush');
INSERT INTO vehicles_realtime (vehicle_id, status, home_depot_id) VALUES ('BUS-FLATBUSH-048', 'available', 'flatbush');
INSERT INTO vehicles_realtime (vehicle_id, status, home_depot_id) VALUES ('BUS-FLATBUSH-049', 'available', 'flatbush');
INSERT INTO vehicles_realtime (vehicle_id, status, home_depot_id) VALUES ('BUS-FLATBUSH-050', 'available', 'flatbush');
INSERT INTO vehicles_realtime (vehicle_id, status, home_depot_id) VALUES ('BUS-FLATBUSH-051', 'available', 'flatbush');
INSERT INTO vehicles_realtime (vehicle_id, status, home_depot_id) VALUES ('BUS-FLATBUSH-052', 'available', 'flatbush');
INSERT INTO vehicles_realtime (vehicle_id, status, home_depot_id) VALUES ('BUS-FLATBUSH-053', 'available', 'flatbush');
INSERT INTO vehicles_realtime (vehicle_id, status, home_depot_id) VALUES ('BUS-FLATBUSH-054', 'available', 'flatbush');
INSERT INTO vehicles_realtime (vehicle_id, status, home_depot_id) VALUES ('BUS-FLATBUSH-055', 'available', 'flatbush');
INSERT INTO vehicles_realtime (vehicle_id, status, home_depot_id) VALUES ('BUS-FLATBUSH-056', 'available', 'flatbush');
INSERT INTO vehicles_realtime (vehicle_id, status, home_depot_id) VALUES ('BUS-FLATBUSH-057', 'available', 'flatbush');
INSERT INTO vehicles_realtime (vehicle_id, status, home_depot_id) VALUES ('BUS-FLATBUSH-058', 'available', 'flatbush');
INSERT INTO vehicles_realtime (vehicle_id, status, home_depot_id) VALUES ('BUS-FLATBUSH-059', 'available', 'flatbush');
INSERT INTO vehicles_realtime (vehicle_id, status, home_depot_id) VALUES ('BUS-FLATBUSH-060', 'available', 'flatbush');
INSERT INTO vehicles_realtime (vehicle_id, status, home_depot_id) VALUES ('BUS-FLATBUSH-061', 'available', 'flatbush');
INSERT INTO vehicles_realtime (vehicle_id, status, home_depot_id) VALUES ('BUS-FLATBUSH-062', 'available', 'flatbush');
INSERT INTO vehicles_realtime (vehicle_id, status, home_depot_id) VALUES ('BUS-FLATBUSH-063', 'available', 'flatbush');
INSERT INTO vehicles_realtime (vehicle_id, status, home_depot_id) VALUES ('BUS-FLATBUSH-064', 'available', 'flatbush');
INSERT INTO vehicles_realtime (vehicle_id, status, home_depot_id) VALUES ('BUS-FLATBUSH-065', 'available', 'flatbush');
INSERT INTO vehicles_realtime (vehicle_id, status, home_depot_id) VALUES ('BUS-FLATBUSH-066', 'available', 'flatbush');
INSERT INTO vehicles_realtime (vehicle_id, status, home_depot_id) VALUES ('BUS-FLATBUSH-067', 'available', 'flatbush');
INSERT INTO vehicles_realtime (vehicle_id, status, home_depot_id) VALUES ('BUS-FLATBUSH-068', 'available', 'flatbush');
INSERT INTO vehicles_realtime (vehicle_id, status, home_depot_id) VALUES ('BUS-FLATBUSH-069', 'available', 'flatbush');
INSERT INTO vehicles_realtime (vehicle_id, status, home_depot_id) VALUES ('BUS-FLATBUSH-070', 'available', 'flatbush');
INSERT INTO vehicles_realtime (vehicle_id, status, home_depot_id) VALUES ('BUS-FLATBUSH-071', 'available', 'flatbush');
INSERT INTO vehicles_realtime (vehicle_id, status, home_depot_id) VALUES ('BUS-FLATBUSH-072', 'available', 'flatbush');
INSERT INTO vehicles_realtime (vehicle_id, status, home_depot_id) VALUES ('BUS-FLATBUSH-073', 'available', 'flatbush');
INSERT INTO vehicles_realtime (vehicle_id, status, home_depot_id) VALUES ('BUS-FLATBUSH-074', 'available', 'flatbush');
INSERT INTO vehicles_realtime (vehicle_id, status, home_depot_id) VALUES ('BUS-FLATBUSH-075', 'available', 'flatbush');
INSERT INTO vehicles_realtime (vehicle_id, status, home_depot_id) VALUES ('BUS-FLATBUSH-076', 'available', 'flatbush');
INSERT INTO vehicles_realtime (vehicle_id, status, home_depot_id) VALUES ('BUS-FLATBUSH-077', 'available', 'flatbush');
INSERT INTO vehicles_realtime (vehicle_id, status, home_depot_id) VALUES ('BUS-FLATBUSH-078', 'available', 'flatbush');
INSERT INTO vehicles_realtime (vehicle_id, status, home_depot_id) VALUES ('BUS-FLATBUSH-079', 'available', 'flatbush');
INSERT INTO vehicles_realtime (vehicle_id, status, home_depot_id) VALUES ('BUS-FLATBUSH-080', 'available', 'flatbush');
INSERT INTO vehicles_realtime (vehicle_id, status, home_depot_id) VALUES ('BUS-FLATBUSH-081', 'available', 'flatbush');
INSERT INTO vehicles_realtime (vehicle_id, status, home_depot_id) VALUES ('BUS-FLATBUSH-082', 'available', 'flatbush');
INSERT INTO vehicles_realtime (vehicle_id, status, home_depot_id) VALUES ('BUS-FLATBUSH-083', 'available', 'flatbush');
INSERT INTO vehicles_realtime (vehicle_id, status, home_depot_id) VALUES ('BUS-FLATBUSH-084', 'available', 'flatbush');
INSERT INTO vehicles_realtime (vehicle_id, status, home_depot_id) VALUES ('BUS-FLATBUSH-085', 'available', 'flatbush');
INSERT INTO vehicles_realtime (vehicle_id, status, home_depot_id) VALUES ('BUS-FLATBUSH-086', 'available', 'flatbush');
INSERT INTO vehicles_realtime (vehicle_id, status, home_depot_id) VALUES ('BUS-FLATBUSH-087', 'available', 'flatbush');
INSERT INTO vehicles_realtime (vehicle_id, status, home_depot_id) VALUES ('BUS-FLATBUSH-088', 'available', 'flatbush');
INSERT INTO vehicles_realtime (vehicle_id, status, home_depot_id) VALUES ('BUS-FLATBUSH-089', 'available', 'flatbush');
INSERT INTO vehicles_realtime (vehicle_id, status, home_depot_id) VALUES ('BUS-FLATBUSH-090', 'available', 'flatbush');
INSERT INTO vehicles_realtime (vehicle_id, status, home_depot_id) VALUES ('BUS-FLATBUSH-091', 'available', 'flatbush');
INSERT INTO vehicles_realtime (vehicle_id, status, home_depot_id) VALUES ('BUS-FLATBUSH-092', 'available', 'flatbush');
INSERT INTO vehicles_realtime (vehicle_id, status, home_depot_id) VALUES ('BUS-FLATBUSH-093', 'available', 'flatbush');
INSERT INTO vehicles_realtime (vehicle_id, status, home_depot_id) VALUES ('BUS-FLATBUSH-094', 'available', 'flatbush');
INSERT INTO vehicles_realtime (vehicle_id, status, home_depot_id) VALUES ('BUS-FLATBUSH-095', 'available', 'flatbush');
INSERT INTO vehicles_realtime (vehicle_id, status, home_depot_id) VALUES ('BUS-FLATBUSH-096', 'available', 'flatbush');
INSERT INTO vehicles_realtime (vehicle_id, status, home_depot_id) VALUES ('BUS-FLATBUSH-097', 'available', 'flatbush');
INSERT INTO vehicles_realtime (vehicle_id, status, home_depot_id) VALUES ('BUS-FLATBUSH-098', 'available', 'flatbush');
INSERT INTO vehicles_realtime (vehicle_id, status, home_depot_id) VALUES ('BUS-FLATBUSH-099', 'available', 'flatbush');
INSERT INTO vehicles_realtime (vehicle_id, status, home_depot_id) VALUES ('BUS-FLATBUSH-100', 'available', 'flatbush');
INSERT INTO vehicles_realtime (vehicle_id, status, home_depot_id) VALUES ('BUS-FLATBUSH-101', 'available', 'flatbush');
INSERT INTO vehicles_realtime (vehicle_id, status, home_depot_id) VALUES ('BUS-FLATBUSH-102', 'available', 'flatbush');
INSERT INTO vehicles_realtime (vehicle_id, status, home_depot_id) VALUES ('BUS-FLATBUSH-103', 'available', 'flatbush');
INSERT INTO vehicles_realtime (vehicle_id, status, home_depot_id) VALUES ('BUS-FLATBUSH-104', 'available', 'flatbush');
INSERT INTO vehicles_realtime (vehicle_id, status, home_depot_id) VALUES ('BUS-FLATBUSH-105', 'available', 'flatbush');
INSERT INTO vehicles_realtime (vehicle_id, status, home_depot_id) VALUES ('BUS-FLATBUSH-106', 'available', 'flatbush');
INSERT INTO vehicles_realtime (vehicle_id, status, home_depot_id) VALUES ('BUS-FLATBUSH-107', 'available', 'flatbush');
INSERT INTO vehicles_realtime (vehicle_id, status, home_depot_id) VALUES ('BUS-FLATBUSH-108', 'available', 'flatbush');
INSERT INTO vehicles_realtime (vehicle_id, status, home_depot_id) VALUES ('BUS-FLATBUSH-109', 'available', 'flatbush');
INSERT INTO vehicles_realtime (vehicle_id, status, home_depot_id) VALUES ('BUS-FLATBUSH-110', 'available', 'flatbush');
INSERT INTO vehicles_realtime (vehicle_id, status, home_depot_id) VALUES ('BUS-FLATBUSH-111', 'available', 'flatbush');
INSERT INTO vehicles_realtime (vehicle_id, status, home_depot_id) VALUES ('BUS-FLATBUSH-112', 'available', 'flatbush');
INSERT INTO vehicles_realtime (vehicle_id, status, home_depot_id) VALUES ('BUS-FLATBUSH-113', 'available', 'flatbush');
INSERT INTO vehicles_realtime (vehicle_id, status, home_depot_id) VALUES ('BUS-FLATBUSH-114', 'available', 'flatbush');
INSERT INTO vehicles_realtime (vehicle_id, status, home_depot_id) VALUES ('BUS-FLATBUSH-115', 'available', 'flatbush');
INSERT INTO vehicles_realtime (vehicle_id, status, home_depot_id) VALUES ('BUS-FLATBUSH-116', 'available', 'flatbush');
INSERT INTO vehicles_realtime (vehicle_id, status, home_depot_id) VALUES ('BUS-FLATBUSH-117', 'available', 'flatbush');
INSERT INTO vehicles_realtime (vehicle_id, status, home_depot_id) VALUES ('BUS-FLATBUSH-118', 'available', 'flatbush');
INSERT INTO vehicles_realtime (vehicle_id, status, home_depot_id) VALUES ('BUS-FLATBUSH-119', 'available', 'flatbush');
INSERT INTO vehicles_realtime (vehicle_id, status, home_depot_id) VALUES ('BUS-FLATBUSH-120', 'available', 'flatbush');
INSERT INTO vehicles_realtime (vehicle_id, status, home_depot_id) VALUES ('BUS-FLATBUSH-121', 'available', 'flatbush');
INSERT INTO vehicles_realtime (vehicle_id, status, home_depot_id) VALUES ('BUS-FLATBUSH-122', 'available', 'flatbush');
INSERT INTO vehicles_realtime (vehicle_id, status, home_depot_id) VALUES ('BUS-FLATBUSH-123', 'available', 'flatbush');
INSERT INTO vehicles_realtime (vehicle_id, status, home_depot_id) VALUES ('BUS-FLATBUSH-124', 'available', 'flatbush');
INSERT INTO vehicles_realtime (vehicle_id, status, home_depot_id) VALUES ('BUS-FLATBUSH-125', 'available', 'flatbush');
INSERT INTO vehicles_realtime (vehicle_id, status, home_depot_id) VALUES ('BUS-FLATBUSH-126', 'available', 'flatbush');
INSERT INTO vehicles_realtime (vehicle_id, status, home_depot_id) VALUES ('BUS-FLATBUSH-127', 'available', 'flatbush');
INSERT INTO vehicles_realtime (vehicle_id, status, home_depot_id) VALUES ('BUS-FLATBUSH-128', 'available', 'flatbush');
INSERT INTO vehicles_realtime (vehicle_id, status, home_depot_id) VALUES ('BUS-FLATBUSH-129', 'available', 'flatbush');
INSERT INTO vehicles_realtime (vehicle_id, status, home_depot_id) VALUES ('BUS-FLATBUSH-130', 'available', 'flatbush');
INSERT INTO vehicles_realtime (vehicle_id, status, home_depot_id) VALUES ('BUS-FLATBUSH-131', 'available', 'flatbush');
INSERT INTO vehicles_realtime (vehicle_id, status, home_depot_id) VALUES ('BUS-FLATBUSH-132', 'available', 'flatbush');
INSERT INTO vehicles_realtime (vehicle_id, status, home_depot_id) VALUES ('BUS-FLATBUSH-133', 'available', 'flatbush');
INSERT INTO vehicles_realtime (vehicle_id, status, home_depot_id) VALUES ('BUS-FLATBUSH-134', 'available', 'flatbush');
INSERT INTO vehicles_realtime (vehicle_id, status, home_depot_id) VALUES ('BUS-FLATBUSH-135', 'available', 'flatbush');
INSERT INTO vehicles_realtime (vehicle_id, status, home_depot_id) VALUES ('BUS-FLATBUSH-136', 'available', 'flatbush');
INSERT INTO vehicles_realtime (vehicle_id, status, home_depot_id) VALUES ('BUS-FLATBUSH-137', 'available', 'flatbush');
INSERT INTO vehicles_realtime (vehicle_id, status, home_depot_id) VALUES ('BUS-FLATBUSH-138', 'available', 'flatbush');
INSERT INTO vehicles_realtime (vehicle_id, status, home_depot_id) VALUES ('BUS-FLATBUSH-139', 'available', 'flatbush');
INSERT INTO vehicles_realtime (vehicle_id, status, home_depot_id) VALUES ('BUS-FLATBUSH-140', 'available', 'flatbush');
INSERT INTO vehicles_realtime (vehicle_id, status, home_depot_id) VALUES ('BUS-FLATBUSH-141', 'available', 'flatbush');
INSERT INTO vehicles_realtime (vehicle_id, status, home_depot_id) VALUES ('BUS-FLATBUSH-142', 'available', 'flatbush');
INSERT INTO vehicles_realtime (vehicle_id, status, home_depot_id) VALUES ('BUS-FLATBUSH-143', 'available', 'flatbush');
INSERT INTO vehicles_realtime (vehicle_id, status, home_depot_id) VALUES ('BUS-FLATBUSH-144', 'available', 'flatbush');
INSERT INTO vehicles_realtime (vehicle_id, status, home_depot_id) VALUES ('BUS-FLATBUSH-145', 'available', 'flatbush');
INSERT INTO vehicles_realtime (vehicle_id, status, home_depot_id) VALUES ('BUS-FLATBUSH-146', 'available', 'flatbush');
INSERT INTO vehicles_realtime (vehicle_id, status, home_depot_id) VALUES ('BUS-FLATBUSH-147', 'available', 'flatbush');
INSERT INTO vehicles_realtime (vehicle_id, status, home_depot_id) VALUES ('BUS-FLATBUSH-148', 'available', 'flatbush');
INSERT INTO vehicles_realtime (vehicle_id, status, home_depot_id) VALUES ('BUS-FLATBUSH-149', 'available', 'flatbush');
INSERT INTO vehicles_realtime (vehicle_id, status, home_depot_id) VALUES ('BUS-FLATBUSH-150', 'available', 'flatbush');
INSERT INTO vehicles_realtime (vehicle_id, status, home_depot_id) VALUES ('BUS-FLATBUSH-151', 'available', 'flatbush');
INSERT INTO vehicles_realtime (vehicle_id, status, home_depot_id) VALUES ('BUS-FLATBUSH-152', 'available', 'flatbush');
INSERT INTO vehicles_realtime (vehicle_id, status, home_depot_id) VALUES ('BUS-FLATBUSH-153', 'available', 'flatbush');
INSERT INTO vehicles_realtime (vehicle_id, status, home_depot_id) VALUES ('BUS-FLATBUSH-154', 'available', 'flatbush');
INSERT INTO vehicles_realtime (vehicle_id, status, home_depot_id) VALUES ('BUS-FLATBUSH-155', 'available', 'flatbush');
INSERT INTO vehicles_realtime (vehicle_id, status, home_depot_id) VALUES ('BUS-FLATBUSH-156', 'available', 'flatbush');
INSERT INTO vehicles_realtime (vehicle_id, status, home_depot_id) VALUES ('BUS-FLATBUSH-157', 'available', 'flatbush');
INSERT INTO vehicles_realtime (vehicle_id, status, home_depot_id) VALUES ('BUS-FLATBUSH-158', 'available', 'flatbush');
INSERT INTO vehicles_realtime (vehicle_id, status, home_depot_id) VALUES ('BUS-FLATBUSH-159', 'available', 'flatbush');
INSERT INTO vehicles_realtime (vehicle_id, status, home_depot_id) VALUES ('BUS-FLATBUSH-160', 'available', 'flatbush');
INSERT INTO vehicles_realtime (vehicle_id, status, home_depot_id) VALUES ('BUS-FLATBUSH-161', 'available', 'flatbush');
INSERT INTO vehicles_realtime (vehicle_id, status, home_depot_id) VALUES ('BUS-FLATBUSH-162', 'available', 'flatbush');
INSERT INTO vehicles_realtime (vehicle_id, status, home_depot_id) VALUES ('BUS-FLATBUSH-163', 'available', 'flatbush');
INSERT INTO vehicles_realtime (vehicle_id, status, home_depot_id) VALUES ('BUS-FLATBUSH-164', 'available', 'flatbush');
INSERT INTO vehicles_realtime (vehicle_id, status, home_depot_id) VALUES ('BUS-FLATBUSH-165', 'available', 'flatbush');
INSERT INTO vehicles_realtime (vehicle_id, status, home_depot_id) VALUES ('BUS-FLATBUSH-166', 'available', 'flatbush');
INSERT INTO vehicles_realtime (vehicle_id, status, home_depot_id) VALUES ('BUS-FLATBUSH-167', 'available', 'flatbush');
INSERT INTO vehicles_realtime (vehicle_id, status, home_depot_id) VALUES ('BUS-FLATBUSH-168', 'available', 'flatbush');
INSERT INTO vehicles_realtime (vehicle_id, status, home_depot_id) VALUES ('BUS-FLATBUSH-169', 'available', 'flatbush');
INSERT INTO vehicles_realtime (vehicle_id, status, home_depot_id) VALUES ('BUS-FLATBUSH-170', 'available', 'flatbush');
INSERT INTO vehicles_realtime (vehicle_id, status, home_depot_id) VALUES ('BUS-FLATBUSH-171', 'available', 'flatbush');
INSERT INTO vehicles_realtime (vehicle_id, status, home_depot_id) VALUES ('BUS-FLATBUSH-172', 'available', 'flatbush');
INSERT INTO vehicles_realtime (vehicle_id, status, home_depot_id) VALUES ('BUS-FLATBUSH-173', 'available', 'flatbush');
INSERT INTO vehicles_realtime (vehicle_id, status, home_depot_id) VALUES ('BUS-FLATBUSH-174', 'available', 'flatbush');
INSERT INTO vehicles_realtime (vehicle_id, status, home_depot_id) VALUES ('BUS-FLATBUSH-175', 'available', 'flatbush');
INSERT INTO vehicles_realtime (vehicle_id, status, home_depot_id) VALUES ('BUS-FLATBUSH-176', 'available', 'flatbush');
INSERT INTO vehicles_realtime (vehicle_id, status, home_depot_id) VALUES ('BUS-FLATBUSH-177', 'available', 'flatbush');
INSERT INTO vehicles_realtime (vehicle_id, status, home_depot_id) VALUES ('BUS-FLATBUSH-178', 'available', 'flatbush');
INSERT INTO vehicles_realtime (vehicle_id, status, home_depot_id) VALUES ('BUS-FLATBUSH-179', 'available', 'flatbush');
INSERT INTO vehicles_realtime (vehicle_id, status, home_depot_id) VALUES ('BUS-FLATBUSH-180', 'available', 'flatbush');
INSERT INTO vehicles_realtime (vehicle_id, status, home_depot_id) VALUES ('BUS-FLATBUSH-181', 'available', 'flatbush');
INSERT INTO vehicles_realtime (vehicle_id, status, home_depot_id) VALUES ('BUS-FLATBUSH-182', 'available', 'flatbush');
INSERT INTO vehicles_realtime (vehicle_id, status, home_depot_id) VALUES ('BUS-FLATBUSH-183', 'available', 'flatbush');
INSERT INTO vehicles_realtime (vehicle_id, status, home_depot_id) VALUES ('BUS-FLATBUSH-184', 'available', 'flatbush');
INSERT INTO vehicles_realtime (vehicle_id, status, home_depot_id) VALUES ('BUS-FLATBUSH-185', 'available', 'flatbush');
INSERT INTO vehicles_realtime (vehicle_id, status, home_depot_id) VALUES ('BUS-FLATBUSH-186', 'available', 'flatbush');
INSERT INTO vehicles_realtime (vehicle_id, status, home_depot_id) VALUES ('BUS-FLATBUSH-187', 'available', 'flatbush');
INSERT INTO vehicles_realtime (vehicle_id, status, home_depot_id) VALUES ('BUS-FLATBUSH-188', 'available', 'flatbush');
INSERT INTO vehicles_realtime (vehicle_id, status, home_depot_id) VALUES ('BUS-FLATBUSH-189', 'available', 'flatbush');
INSERT INTO vehicles_realtime (vehicle_id, status, home_depot_id) VALUES ('BUS-FLATBUSH-190', 'available', 'flatbush');
INSERT INTO vehicles_realtime (vehicle_id, status, home_depot_id) VALUES ('BUS-FLATBUSH-191', 'available', 'flatbush');
INSERT INTO vehicles_realtime (vehicle_id, status, home_depot_id) VALUES ('BUS-FLATBUSH-192', 'available', 'flatbush');
INSERT INTO vehicles_realtime (vehicle_id, status, home_depot_id) VALUES ('BUS-FLATBUSH-193', 'available', 'flatbush');
INSERT INTO vehicles_realtime (vehicle_id, status, home_depot_id) VALUES ('BUS-FLATBUSH-194', 'available', 'flatbush');
INSERT INTO vehicles_realtime (vehicle_id, status, home_depot_id) VALUES ('BUS-FLATBUSH-195', 'available', 'flatbush');
INSERT INTO vehicles_realtime (vehicle_id, status, home_depot_id) VALUES ('BUS-FLATBUSH-196', 'available', 'flatbush');
INSERT INTO vehicles_realtime (vehicle_id, status, home_depot_id) VALUES ('BUS-FLATBUSH-197', 'available', 'flatbush');
INSERT INTO vehicles_realtime (vehicle_id, status, home_depot_id) VALUES ('BUS-FLATBUSH-198', 'available', 'flatbush');
INSERT INTO vehicles_realtime (vehicle_id, status, home_depot_id) VALUES ('BUS-FLATBUSH-199', 'available', 'flatbush');
INSERT INTO vehicles_realtime (vehicle_id, status, home_depot_id) VALUES ('BUS-FLATBUSH-200', 'available', 'flatbush');
INSERT INTO vehicles_realtime (vehicle_id, status, home_depot_id) VALUES ('BUS-FLATBUSH-201', 'available', 'flatbush');
INSERT INTO vehicles_realtime (vehicle_id, status, home_depot_id) VALUES ('BUS-FLATBUSH-202', 'available', 'flatbush');
INSERT INTO vehicles_realtime (vehicle_id, status, home_depot_id) VALUES ('BUS-FLATBUSH-203', 'available', 'flatbush');
INSERT INTO vehicles_realtime (vehicle_id, status, home_depot_id) VALUES ('BUS-FLATBUSH-204', 'available', 'flatbush');
INSERT INTO vehicles_realtime (vehicle_id, status, home_depot_id) VALUES ('BUS-FLATBUSH-205', 'available', 'flatbush');
INSERT INTO vehicles_realtime (vehicle_id, status, home_depot_id) VALUES ('BUS-FLATBUSH-206', 'available', 'flatbush');
INSERT INTO vehicles_realtime (vehicle_id, status, home_depot_id) VALUES ('BUS-FLATBUSH-207', 'available', 'flatbush');
INSERT INTO vehicles_realtime (vehicle_id, status, home_depot_id) VALUES ('BUS-FLATBUSH-208', 'available', 'flatbush');
INSERT INTO vehicles_realtime (vehicle_id, status, home_depot_id) VALUES ('BUS-FLATBUSH-209', 'available', 'flatbush');
INSERT INTO vehicles_realtime (vehicle_id, status, home_depot_id) VALUES ('BUS-FLATBUSH-210', 'available', 'flatbush');
INSERT INTO vehicles_realtime (vehicle_id, status, home_depot_id) VALUES ('BUS-FLATBUSH-211', 'available', 'flatbush');
INSERT INTO vehicles_realtime (vehicle_id, status, home_depot_id) VALUES ('BUS-FLATBUSH-212', 'available', 'flatbush');
INSERT INTO vehicles_realtime (vehicle_id, status, home_depot_id) VALUES ('BUS-FLATBUSH-213', 'available', 'flatbush');
INSERT INTO vehicles_realtime (vehicle_id, status, home_depot_id) VALUES ('BUS-FLATBUSH-214', 'available', 'flatbush');
INSERT INTO vehicles_realtime (vehicle_id, status, home_depot_id) VALUES ('BUS-FLATBUSH-215', 'available', 'flatbush');
INSERT INTO vehicles_realtime (vehicle_id, status, home_depot_id) VALUES ('BUS-FLATBUSH-216', 'available', 'flatbush');
INSERT INTO vehicles_realtime (vehicle_id, status, home_depot_id) VALUES ('BUS-FLATBUSH-217', 'available', 'flatbush');
INSERT INTO vehicles_realtime (vehicle_id, status, home_depot_id) VALUES ('BUS-FLATBUSH-218', 'available', 'flatbush');
INSERT INTO vehicles_realtime (vehicle_id, status, home_depot_id) VALUES ('BUS-FLATBUSH-219', 'available', 'flatbush');
INSERT INTO vehicles_realtime (vehicle_id, status, home_depot_id) VALUES ('BUS-FLATBUSH-220', 'available', 'flatbush');
INSERT INTO vehicles_realtime (vehicle_id, status, home_depot_id) VALUES ('BUS-FLATBUSH-221', 'available', 'flatbush');
INSERT INTO vehicles_realtime (vehicle_id, status, home_depot_id) VALUES ('BUS-FLATBUSH-222', 'available', 'flatbush');
INSERT INTO vehicles_realtime (vehicle_id, status, home_depot_id) VALUES ('BUS-FLATBUSH-223', 'available', 'flatbush');
INSERT INTO vehicles_realtime (vehicle_id, status, home_depot_id) VALUES ('BUS-FLATBUSH-224', 'available', 'flatbush');
INSERT INTO vehicles_realtime (vehicle_id, status, home_depot_id) VALUES ('BUS-FLATBUSH-225', 'available', 'flatbush');
INSERT INTO vehicles_realtime (vehicle_id, status, home_depot_id) VALUES ('BUS-FLATBUSH-226', 'available', 'flatbush');
INSERT INTO vehicles_realtime (vehicle_id, status, home_depot_id) VALUES ('BUS-FLATBUSH-227', 'available', 'flatbush');
INSERT INTO vehicles_realtime (vehicle_id, status, home_depot_id) VALUES ('BUS-FLATBUSH-228', 'available', 'flatbush');
INSERT INTO vehicles_realtime (vehicle_id, status, home_depot_id) VALUES ('BUS-FLATBUSH-229', 'available', 'flatbush');
INSERT INTO vehicles_realtime (vehicle_id, status, home_depot_id) VALUES ('BUS-FLATBUSH-230', 'available', 'flatbush');
INSERT INTO vehicles_realtime (vehicle_id, status, home_depot_id) VALUES ('BUS-FLATBUSH-231', 'available', 'flatbush');
INSERT INTO vehicles_realtime (vehicle_id, status, home_depot_id) VALUES ('BUS-FLATBUSH-232', 'available', 'flatbush');
INSERT INTO vehicles_realtime (vehicle_id, status, home_depot_id) VALUES ('BUS-FLATBUSH-233', 'available', 'flatbush');
INSERT INTO vehicles_realtime (vehicle_id, status, home_depot_id) VALUES ('BUS-FLATBUSH-234', 'available', 'flatbush');
INSERT INTO vehicles_realtime (vehicle_id, status, home_depot_id) VALUES ('BUS-FLATBUSH-235', 'available', 'flatbush');
INSERT INTO vehicles_realtime (vehicle_id, status, home_depot_id) VALUES ('BUS-FLATBUSH-236', 'available', 'flatbush');
INSERT INTO vehicles_realtime (vehicle_id, status, home_depot_id) VALUES ('BUS-FLATBUSH-237', 'available', 'flatbush');
INSERT INTO vehicles_realtime (vehicle_id, status, home_depot_id) VALUES ('BUS-FLATBUSH-238', 'available', 'flatbush');
INSERT INTO vehicles_realtime (vehicle_id, status, home_depot_id) VALUES ('BUS-FLATBUSH-239', 'available', 'flatbush');
INSERT INTO vehicles_realtime (vehicle_id, status, home_depot_id) VALUES ('BUS-FLATBUSH-240', 'available', 'flatbush');
INSERT INTO vehicles_realtime (vehicle_id, status, home_depot_id) VALUES ('BUS-FLATBUSH-241', 'available', 'flatbush');
INSERT INTO vehicles_realtime (vehicle_id, status, home_depot_id) VALUES ('BUS-FLATBUSH-242', 'available', 'flatbush');
INSERT INTO vehicles_realtime (vehicle_id, status, home_depot_id) VALUES ('BUS-FLATBUSH-243', 'available', 'flatbush');
INSERT INTO vehicles_realtime (vehicle_id, status, home_depot_id) VALUES ('BUS-FLATBUSH-244', 'available', 'flatbush');
INSERT INTO vehicles_realtime (vehicle_id, status, home_depot_id) VALUES ('BUS-FLATBUSH-245', 'available', 'flatbush');
INSERT INTO vehicles_realtime (vehicle_id, status, home_depot_id) VALUES ('BUS-FLATBUSH-246', 'available', 'flatbush');
INSERT INTO vehicles_realtime (vehicle_id, status, home_depot_id) VALUES ('BUS-FLATBUSH-247', 'available', 'flatbush');
INSERT INTO vehicles_realtime (vehicle_id, status, home_depot_id) VALUES ('BUS-FLATBUSH-248', 'available', 'flatbush');
INSERT INTO vehicles_realtime (vehicle_id, status, home_depot_id) VALUES ('BUS-FLATBUSH-249', 'available', 'flatbush');
INSERT INTO vehicles_realtime (vehicle_id, status, home_depot_id) VALUES ('BUS-FLATBUSH-250', 'available', 'flatbush');
INSERT INTO vehicles_realtime (vehicle_id, status, home_depot_id) VALUES ('BUS-JACKIE_GLEASON-001', 'available', 'jackie_gleason');
INSERT INTO vehicles_realtime (vehicle_id, status, home_depot_id) VALUES ('BUS-JACKIE_GLEASON-002', 'available', 'jackie_gleason');
INSERT INTO vehicles_realtime (vehicle_id, status, home_depot_id) VALUES ('BUS-JACKIE_GLEASON-003', 'available', 'jackie_gleason');
INSERT INTO vehicles_realtime (vehicle_id, status, home_depot_id) VALUES ('BUS-JACKIE_GLEASON-004', 'available', 'jackie_gleason');
INSERT INTO vehicles_realtime (vehicle_id, status, home_depot_id) VALUES ('BUS-JACKIE_GLEASON-005', 'available', 'jackie_gleason');
INSERT INTO vehicles_realtime (vehicle_id, status, home_depot_id) VALUES ('BUS-JACKIE_GLEASON-006', 'available', 'jackie_gleason');
INSERT INTO vehicles_realtime (vehicle_id, status, home_depot_id) VALUES ('BUS-JACKIE_GLEASON-007', 'available', 'jackie_gleason');
INSERT INTO vehicles_realtime (vehicle_id, status, home_depot_id) VALUES ('BUS-JACKIE_GLEASON-008', 'available', 'jackie_gleason');
INSERT INTO vehicles_realtime (vehicle_id, status, home_depot_id) VALUES ('BUS-JACKIE_GLEASON-009', 'available', 'jackie_gleason');
INSERT INTO vehicles_realtime (vehicle_id, status, home_depot_id) VALUES ('BUS-JACKIE_GLEASON-010', 'available', 'jackie_gleason');
INSERT INTO vehicles_realtime (vehicle_id, status, home_depot_id) VALUES ('BUS-JACKIE_GLEASON-011', 'available', 'jackie_gleason');
INSERT INTO vehicles_realtime (vehicle_id, status, home_depot_id) VALUES ('BUS-JACKIE_GLEASON-012', 'available', 'jackie_gleason');
INSERT INTO vehicles_realtime (vehicle_id, status, home_depot_id) VALUES ('BUS-JACKIE_GLEASON-013', 'available', 'jackie_gleason');
INSERT INTO vehicles_realtime (vehicle_id, status, home_depot_id) VALUES ('BUS-JACKIE_GLEASON-014', 'available', 'jackie_gleason');
INSERT INTO vehicles_realtime (vehicle_id, status, home_depot_id) VALUES ('BUS-JACKIE_GLEASON-015', 'available', 'jackie_gleason');
INSERT INTO vehicles_realtime (vehicle_id, status, home_depot_id) VALUES ('BUS-JACKIE_GLEASON-016', 'available', 'jackie_gleason');
INSERT INTO vehicles_realtime (vehicle_id, status, home_depot_id) VALUES ('BUS-JACKIE_GLEASON-017', 'available', 'jackie_gleason');
INSERT INTO vehicles_realtime (vehicle_id, status, home_depot_id) VALUES ('BUS-JACKIE_GLEASON-018', 'available', 'jackie_gleason');
INSERT INTO vehicles_realtime (vehicle_id, status, home_depot_id) VALUES ('BUS-JACKIE_GLEASON-019', 'available', 'jackie_gleason');
INSERT INTO vehicles_realtime (vehicle_id, status, home_depot_id) VALUES ('BUS-JACKIE_GLEASON-020', 'available', 'jackie_gleason');
INSERT INTO vehicles_realtime (vehicle_id, status, home_depot_id) VALUES ('BUS-JACKIE_GLEASON-021', 'available', 'jackie_gleason');
INSERT INTO vehicles_realtime (vehicle_id, status, home_depot_id) VALUES ('BUS-JACKIE_GLEASON-022', 'available', 'jackie_gleason');
INSERT INTO vehicles_realtime (vehicle_id, status, home_depot_id) VALUES ('BUS-JACKIE_GLEASON-023', 'available', 'jackie_gleason');
INSERT INTO vehicles_realtime (vehicle_id, status, home_depot_id) VALUES ('BUS-JACKIE_GLEASON-024', 'available', 'jackie_gleason');
INSERT INTO vehicles_realtime (vehicle_id, status, home_depot_id) VALUES ('BUS-JACKIE_GLEASON-025', 'available', 'jackie_gleason');
INSERT INTO vehicles_realtime (vehicle_id, status, home_depot_id) VALUES ('BUS-JACKIE_GLEASON-026', 'available', 'jackie_gleason');
INSERT INTO vehicles_realtime (vehicle_id, status, home_depot_id) VALUES ('BUS-JACKIE_GLEASON-027', 'available', 'jackie_gleason');
INSERT INTO vehicles_realtime (vehicle_id, status, home_depot_id) VALUES ('BUS-JACKIE_GLEASON-028', 'available', 'jackie_gleason');
INSERT INTO vehicles_realtime (vehicle_id, status, home_depot_id) VALUES ('BUS-JACKIE_GLEASON-029', 'available', 'jackie_gleason');
INSERT INTO vehicles_realtime (vehicle_id, status, home_depot_id) VALUES ('BUS-JACKIE_GLEASON-030', 'available', 'jackie_gleason');
INSERT INTO vehicles_realtime (vehicle_id, status, home_depot_id) VALUES ('BUS-JACKIE_GLEASON-031', 'available', 'jackie_gleason');
INSERT INTO vehicles_realtime (vehicle_id, status, home_depot_id) VALUES ('BUS-JACKIE_GLEASON-032', 'available', 'jackie_gleason');
INSERT INTO vehicles_realtime (vehicle_id, status, home_depot_id) VALUES ('BUS-JACKIE_GLEASON-033', 'available', 'jackie_gleason');
INSERT INTO vehicles_realtime (vehicle_id, status, home_depot_id) VALUES ('BUS-JACKIE_GLEASON-034', 'available', 'jackie_gleason');
INSERT INTO vehicles_realtime (vehicle_id, status, home_depot_id) VALUES ('BUS-JACKIE_GLEASON-035', 'available', 'jackie_gleason');
INSERT INTO vehicles_realtime (vehicle_id, status, home_depot_id) VALUES ('BUS-JACKIE_GLEASON-036', 'available', 'jackie_gleason');
INSERT INTO vehicles_realtime (vehicle_id, status, home_depot_id) VALUES ('BUS-JACKIE_GLEASON-037', 'available', 'jackie_gleason');
INSERT INTO vehicles_realtime (vehicle_id, status, home_depot_id) VALUES ('BUS-JACKIE_GLEASON-038', 'available', 'jackie_gleason');
INSERT INTO vehicles_realtime (vehicle_id, status, home_depot_id) VALUES ('BUS-JACKIE_GLEASON-039', 'available', 'jackie_gleason');
INSERT INTO vehicles_realtime (vehicle_id, status, home_depot_id) VALUES ('BUS-JACKIE_GLEASON-040', 'available', 'jackie_gleason');
INSERT INTO vehicles_realtime (vehicle_id, status, home_depot_id) VALUES ('BUS-JACKIE_GLEASON-041', 'available', 'jackie_gleason');
INSERT INTO vehicles_realtime (vehicle_id, status, home_depot_id) VALUES ('BUS-JACKIE_GLEASON-042', 'available', 'jackie_gleason');
INSERT INTO vehicles_realtime (vehicle_id, status, home_depot_id) VALUES ('BUS-JACKIE_GLEASON-043', 'available', 'jackie_gleason');
INSERT INTO vehicles_realtime (vehicle_id, status, home_depot_id) VALUES ('BUS-JACKIE_GLEASON-044', 'available', 'jackie_gleason');
INSERT INTO vehicles_realtime (vehicle_id, status, home_depot_id) VALUES ('BUS-JACKIE_GLEASON-045', 'available', 'jackie_gleason');
INSERT INTO vehicles_realtime (vehicle_id, status, home_depot_id) VALUES ('BUS-JACKIE_GLEASON-046', 'available', 'jackie_gleason');
INSERT INTO vehicles_realtime (vehicle_id, status, home_depot_id) VALUES ('BUS-JACKIE_GLEASON-047', 'available', 'jackie_gleason');
INSERT INTO vehicles_realtime (vehicle_id, status, home_depot_id) VALUES ('BUS-JACKIE_GLEASON-048', 'available', 'jackie_gleason');
INSERT INTO vehicles_realtime (vehicle_id, status, home_depot_id) VALUES ('BUS-JACKIE_GLEASON-049', 'available', 'jackie_gleason');
INSERT INTO vehicles_realtime (vehicle_id, status, home_depot_id) VALUES ('BUS-JACKIE_GLEASON-050', 'available', 'jackie_gleason');
INSERT INTO vehicles_realtime (vehicle_id, status, home_depot_id) VALUES ('BUS-JACKIE_GLEASON-051', 'available', 'jackie_gleason');
INSERT INTO vehicles_realtime (vehicle_id, status, home_depot_id) VALUES ('BUS-JACKIE_GLEASON-052', 'available', 'jackie_gleason');
INSERT INTO vehicles_realtime (vehicle_id, status, home_depot_id) VALUES ('BUS-JACKIE_GLEASON-053', 'available', 'jackie_gleason');
INSERT INTO vehicles_realtime (vehicle_id, status, home_depot_id) VALUES ('BUS-JACKIE_GLEASON-054', 'available', 'jackie_gleason');
INSERT INTO vehicles_realtime (vehicle_id, status, home_depot_id) VALUES ('BUS-JACKIE_GLEASON-055', 'available', 'jackie_gleason');
INSERT INTO vehicles_realtime (vehicle_id, status, home_depot_id) VALUES ('BUS-JACKIE_GLEASON-056', 'available', 'jackie_gleason');
INSERT INTO vehicles_realtime (vehicle_id, status, home_depot_id) VALUES ('BUS-JACKIE_GLEASON-057', 'available', 'jackie_gleason');
INSERT INTO vehicles_realtime (vehicle_id, status, home_depot_id) VALUES ('BUS-JACKIE_GLEASON-058', 'available', 'jackie_gleason');
INSERT INTO vehicles_realtime (vehicle_id, status, home_depot_id) VALUES ('BUS-JACKIE_GLEASON-059', 'available', 'jackie_gleason');
INSERT INTO vehicles_realtime (vehicle_id, status, home_depot_id) VALUES ('BUS-JACKIE_GLEASON-060', 'available', 'jackie_gleason');
INSERT INTO vehicles_realtime (vehicle_id, status, home_depot_id) VALUES ('BUS-JACKIE_GLEASON-061', 'available', 'jackie_gleason');
INSERT INTO vehicles_realtime (vehicle_id, status, home_depot_id) VALUES ('BUS-JACKIE_GLEASON-062', 'available', 'jackie_gleason');
INSERT INTO vehicles_realtime (vehicle_id, status, home_depot_id) VALUES ('BUS-JACKIE_GLEASON-063', 'available', 'jackie_gleason');
INSERT INTO vehicles_realtime (vehicle_id, status, home_depot_id) VALUES ('BUS-JACKIE_GLEASON-064', 'available', 'jackie_gleason');
INSERT INTO vehicles_realtime (vehicle_id, status, home_depot_id) VALUES ('BUS-JACKIE_GLEASON-065', 'available', 'jackie_gleason');
INSERT INTO vehicles_realtime (vehicle_id, status, home_depot_id) VALUES ('BUS-JACKIE_GLEASON-066', 'available', 'jackie_gleason');
INSERT INTO vehicles_realtime (vehicle_id, status, home_depot_id) VALUES ('BUS-JACKIE_GLEASON-067', 'available', 'jackie_gleason');
INSERT INTO vehicles_realtime (vehicle_id, status, home_depot_id) VALUES ('BUS-JACKIE_GLEASON-068', 'available', 'jackie_gleason');
INSERT INTO vehicles_realtime (vehicle_id, status, home_depot_id) VALUES ('BUS-JACKIE_GLEASON-069', 'available', 'jackie_gleason');
INSERT INTO vehicles_realtime (vehicle_id, status, home_depot_id) VALUES ('BUS-JACKIE_GLEASON-070', 'available', 'jackie_gleason');
INSERT INTO vehicles_realtime (vehicle_id, status, home_depot_id) VALUES ('BUS-JACKIE_GLEASON-071', 'available', 'jackie_gleason');
INSERT INTO vehicles_realtime (vehicle_id, status, home_depot_id) VALUES ('BUS-JACKIE_GLEASON-072', 'available', 'jackie_gleason');
INSERT INTO vehicles_realtime (vehicle_id, status, home_depot_id) VALUES ('BUS-JACKIE_GLEASON-073', 'available', 'jackie_gleason');
INSERT INTO vehicles_realtime (vehicle_id, status, home_depot_id) VALUES ('BUS-JACKIE_GLEASON-074', 'available', 'jackie_gleason');
INSERT INTO vehicles_realtime (vehicle_id, status, home_depot_id) VALUES ('BUS-JACKIE_GLEASON-075', 'available', 'jackie_gleason');
INSERT INTO vehicles_realtime (vehicle_id, status, home_depot_id) VALUES ('BUS-JACKIE_GLEASON-076', 'available', 'jackie_gleason');
INSERT INTO vehicles_realtime (vehicle_id, status, home_depot_id) VALUES ('BUS-JACKIE_GLEASON-077', 'available', 'jackie_gleason');
INSERT INTO vehicles_realtime (vehicle_id, status, home_depot_id) VALUES ('BUS-JACKIE_GLEASON-078', 'available', 'jackie_gleason');
INSERT INTO vehicles_realtime (vehicle_id, status, home_depot_id) VALUES ('BUS-JACKIE_GLEASON-079', 'available', 'jackie_gleason');
INSERT INTO vehicles_realtime (vehicle_id, status, home_depot_id) VALUES ('BUS-JACKIE_GLEASON-080', 'available', 'jackie_gleason');
INSERT INTO vehicles_realtime (vehicle_id, status, home_depot_id) VALUES ('BUS-JACKIE_GLEASON-081', 'available', 'jackie_gleason');
INSERT INTO vehicles_realtime (vehicle_id, status, home_depot_id) VALUES ('BUS-JACKIE_GLEASON-082', 'available', 'jackie_gleason');
INSERT INTO vehicles_realtime (vehicle_id, status, home_depot_id) VALUES ('BUS-JACKIE_GLEASON-083', 'available', 'jackie_gleason');
INSERT INTO vehicles_realtime (vehicle_id, status, home_depot_id) VALUES ('BUS-JACKIE_GLEASON-084', 'available', 'jackie_gleason');
INSERT INTO vehicles_realtime (vehicle_id, status, home_depot_id) VALUES ('BUS-JACKIE_GLEASON-085', 'available', 'jackie_gleason');
INSERT INTO vehicles_realtime (vehicle_id, status, home_depot_id) VALUES ('BUS-JACKIE_GLEASON-086', 'available', 'jackie_gleason');
INSERT INTO vehicles_realtime (vehicle_id, status, home_depot_id) VALUES ('BUS-JACKIE_GLEASON-087', 'available', 'jackie_gleason');
INSERT INTO vehicles_realtime (vehicle_id, status, home_depot_id) VALUES ('BUS-JACKIE_GLEASON-088', 'available', 'jackie_gleason');
INSERT INTO vehicles_realtime (vehicle_id, status, home_depot_id) VALUES ('BUS-JACKIE_GLEASON-089', 'available', 'jackie_gleason');
INSERT INTO vehicles_realtime (vehicle_id, status, home_depot_id) VALUES ('BUS-JACKIE_GLEASON-090', 'available', 'jackie_gleason');
INSERT INTO vehicles_realtime (vehicle_id, status, home_depot_id) VALUES ('BUS-JACKIE_GLEASON-091', 'available', 'jackie_gleason');
INSERT INTO vehicles_realtime (vehicle_id, status, home_depot_id) VALUES ('BUS-JACKIE_GLEASON-092', 'available', 'jackie_gleason');
INSERT INTO vehicles_realtime (vehicle_id, status, home_depot_id) VALUES ('BUS-JACKIE_GLEASON-093', 'available', 'jackie_gleason');
INSERT INTO vehicles_realtime (vehicle_id, status, home_depot_id) VALUES ('BUS-JACKIE_GLEASON-094', 'available', 'jackie_gleason');
INSERT INTO vehicles_realtime (vehicle_id, status, home_depot_id) VALUES ('BUS-JACKIE_GLEASON-095', 'available', 'jackie_gleason');
INSERT INTO vehicles_realtime (vehicle_id, status, home_depot_id) VALUES ('BUS-JACKIE_GLEASON-096', 'available', 'jackie_gleason');
INSERT INTO vehicles_realtime (vehicle_id, status, home_depot_id) VALUES ('BUS-JACKIE_GLEASON-097', 'available', 'jackie_gleason');
INSERT INTO vehicles_realtime (vehicle_id, status, home_depot_id) VALUES ('BUS-JACKIE_GLEASON-098', 'available', 'jackie_gleason');
INSERT INTO vehicles_realtime (vehicle_id, status, home_depot_id) VALUES ('BUS-JACKIE_GLEASON-099', 'available', 'jackie_gleason');
INSERT INTO vehicles_realtime (vehicle_id, status, home_depot_id) VALUES ('BUS-JACKIE_GLEASON-100', 'available', 'jackie_gleason');
INSERT INTO vehicles_realtime (vehicle_id, status, home_depot_id) VALUES ('BUS-JACKIE_GLEASON-101', 'available', 'jackie_gleason');
INSERT INTO vehicles_realtime (vehicle_id, status, home_depot_id) VALUES ('BUS-JACKIE_GLEASON-102', 'available', 'jackie_gleason');
INSERT INTO vehicles_realtime (vehicle_id, status, home_depot_id) VALUES ('BUS-JACKIE_GLEASON-103', 'available', 'jackie_gleason');
INSERT INTO vehicles_realtime (vehicle_id, status, home_depot_id) VALUES ('BUS-JACKIE_GLEASON-104', 'available', 'jackie_gleason');
INSERT INTO vehicles_realtime (vehicle_id, status, home_depot_id) VALUES ('BUS-JACKIE_GLEASON-105', 'available', 'jackie_gleason');
INSERT INTO vehicles_realtime (vehicle_id, status, home_depot_id) VALUES ('BUS-JACKIE_GLEASON-106', 'available', 'jackie_gleason');
INSERT INTO vehicles_realtime (vehicle_id, status, home_depot_id) VALUES ('BUS-JACKIE_GLEASON-107', 'available', 'jackie_gleason');
INSERT INTO vehicles_realtime (vehicle_id, status, home_depot_id) VALUES ('BUS-JACKIE_GLEASON-108', 'available', 'jackie_gleason');
INSERT INTO vehicles_realtime (vehicle_id, status, home_depot_id) VALUES ('BUS-JACKIE_GLEASON-109', 'available', 'jackie_gleason');
INSERT INTO vehicles_realtime (vehicle_id, status, home_depot_id) VALUES ('BUS-JACKIE_GLEASON-110', 'available', 'jackie_gleason');
INSERT INTO vehicles_realtime (vehicle_id, status, home_depot_id) VALUES ('BUS-JACKIE_GLEASON-111', 'available', 'jackie_gleason');
INSERT INTO vehicles_realtime (vehicle_id, status, home_depot_id) VALUES ('BUS-JACKIE_GLEASON-112', 'available', 'jackie_gleason');
INSERT INTO vehicles_realtime (vehicle_id, status, home_depot_id) VALUES ('BUS-JACKIE_GLEASON-113', 'available', 'jackie_gleason');
INSERT INTO vehicles_realtime (vehicle_id, status, home_depot_id) VALUES ('BUS-JACKIE_GLEASON-114', 'available', 'jackie_gleason');
INSERT INTO vehicles_realtime (vehicle_id, status, home_depot_id) VALUES ('BUS-JACKIE_GLEASON-115', 'available', 'jackie_gleason');
INSERT INTO vehicles_realtime (vehicle_id, status, home_depot_id) VALUES ('BUS-JACKIE_GLEASON-116', 'available', 'jackie_gleason');
INSERT INTO vehicles_realtime (vehicle_id, status, home_depot_id) VALUES ('BUS-JACKIE_GLEASON-117', 'available', 'jackie_gleason');
INSERT INTO vehicles_realtime (vehicle_id, status, home_depot_id) VALUES ('BUS-JACKIE_GLEASON-118', 'available', 'jackie_gleason');
INSERT INTO vehicles_realtime (vehicle_id, status, home_depot_id) VALUES ('BUS-JACKIE_GLEASON-119', 'available', 'jackie_gleason');
INSERT INTO vehicles_realtime (vehicle_id, status, home_depot_id) VALUES ('BUS-JACKIE_GLEASON-120', 'available', 'jackie_gleason');
INSERT INTO vehicles_realtime (vehicle_id, status, home_depot_id) VALUES ('BUS-JACKIE_GLEASON-121', 'available', 'jackie_gleason');
INSERT INTO vehicles_realtime (vehicle_id, status, home_depot_id) VALUES ('BUS-JACKIE_GLEASON-122', 'available', 'jackie_gleason');
INSERT INTO vehicles_realtime (vehicle_id, status, home_depot_id) VALUES ('BUS-JACKIE_GLEASON-123', 'available', 'jackie_gleason');
INSERT INTO vehicles_realtime (vehicle_id, status, home_depot_id) VALUES ('BUS-JACKIE_GLEASON-124', 'available', 'jackie_gleason');
INSERT INTO vehicles_realtime (vehicle_id, status, home_depot_id) VALUES ('BUS-JACKIE_GLEASON-125', 'available', 'jackie_gleason');
INSERT INTO vehicles_realtime (vehicle_id, status, home_depot_id) VALUES ('BUS-JACKIE_GLEASON-126', 'available', 'jackie_gleason');
INSERT INTO vehicles_realtime (vehicle_id, status, home_depot_id) VALUES ('BUS-JACKIE_GLEASON-127', 'available', 'jackie_gleason');
INSERT INTO vehicles_realtime (vehicle_id, status, home_depot_id) VALUES ('BUS-JACKIE_GLEASON-128', 'available', 'jackie_gleason');
INSERT INTO vehicles_realtime (vehicle_id, status, home_depot_id) VALUES ('BUS-JACKIE_GLEASON-129', 'available', 'jackie_gleason');
INSERT INTO vehicles_realtime (vehicle_id, status, home_depot_id) VALUES ('BUS-JACKIE_GLEASON-130', 'available', 'jackie_gleason');
INSERT INTO vehicles_realtime (vehicle_id, status, home_depot_id) VALUES ('BUS-JACKIE_GLEASON-131', 'available', 'jackie_gleason');
INSERT INTO vehicles_realtime (vehicle_id, status, home_depot_id) VALUES ('BUS-JACKIE_GLEASON-132', 'available', 'jackie_gleason');
INSERT INTO vehicles_realtime (vehicle_id, status, home_depot_id) VALUES ('BUS-JACKIE_GLEASON-133', 'available', 'jackie_gleason');
INSERT INTO vehicles_realtime (vehicle_id, status, home_depot_id) VALUES ('BUS-JACKIE_GLEASON-134', 'available', 'jackie_gleason');
INSERT INTO vehicles_realtime (vehicle_id, status, home_depot_id) VALUES ('BUS-JACKIE_GLEASON-135', 'available', 'jackie_gleason');
INSERT INTO vehicles_realtime (vehicle_id, status, home_depot_id) VALUES ('BUS-JACKIE_GLEASON-136', 'available', 'jackie_gleason');
INSERT INTO vehicles_realtime (vehicle_id, status, home_depot_id) VALUES ('BUS-JACKIE_GLEASON-137', 'available', 'jackie_gleason');
INSERT INTO vehicles_realtime (vehicle_id, status, home_depot_id) VALUES ('BUS-JACKIE_GLEASON-138', 'available', 'jackie_gleason');
INSERT INTO vehicles_realtime (vehicle_id, status, home_depot_id) VALUES ('BUS-JACKIE_GLEASON-139', 'available', 'jackie_gleason');
INSERT INTO vehicles_realtime (vehicle_id, status, home_depot_id) VALUES ('BUS-JACKIE_GLEASON-140', 'available', 'jackie_gleason');
INSERT INTO vehicles_realtime (vehicle_id, status, home_depot_id) VALUES ('BUS-JACKIE_GLEASON-141', 'available', 'jackie_gleason');
INSERT INTO vehicles_realtime (vehicle_id, status, home_depot_id) VALUES ('BUS-JACKIE_GLEASON-142', 'available', 'jackie_gleason');
INSERT INTO vehicles_realtime (vehicle_id, status, home_depot_id) VALUES ('BUS-JACKIE_GLEASON-143', 'available', 'jackie_gleason');
INSERT INTO vehicles_realtime (vehicle_id, status, home_depot_id) VALUES ('BUS-JACKIE_GLEASON-144', 'available', 'jackie_gleason');
INSERT INTO vehicles_realtime (vehicle_id, status, home_depot_id) VALUES ('BUS-JACKIE_GLEASON-145', 'available', 'jackie_gleason');
INSERT INTO vehicles_realtime (vehicle_id, status, home_depot_id) VALUES ('BUS-JACKIE_GLEASON-146', 'available', 'jackie_gleason');
INSERT INTO vehicles_realtime (vehicle_id, status, home_depot_id) VALUES ('BUS-JACKIE_GLEASON-147', 'available', 'jackie_gleason');
INSERT INTO vehicles_realtime (vehicle_id, status, home_depot_id) VALUES ('BUS-JACKIE_GLEASON-148', 'available', 'jackie_gleason');
INSERT INTO vehicles_realtime (vehicle_id, status, home_depot_id) VALUES ('BUS-JACKIE_GLEASON-149', 'available', 'jackie_gleason');
INSERT INTO vehicles_realtime (vehicle_id, status, home_depot_id) VALUES ('BUS-JACKIE_GLEASON-150', 'available', 'jackie_gleason');
INSERT INTO vehicles_realtime (vehicle_id, status, home_depot_id) VALUES ('BUS-JACKIE_GLEASON-151', 'available', 'jackie_gleason');
INSERT INTO vehicles_realtime (vehicle_id, status, home_depot_id) VALUES ('BUS-JACKIE_GLEASON-152', 'available', 'jackie_gleason');
INSERT INTO vehicles_realtime (vehicle_id, status, home_depot_id) VALUES ('BUS-JACKIE_GLEASON-153', 'available', 'jackie_gleason');
INSERT INTO vehicles_realtime (vehicle_id, status, home_depot_id) VALUES ('BUS-JACKIE_GLEASON-154', 'available', 'jackie_gleason');
INSERT INTO vehicles_realtime (vehicle_id, status, home_depot_id) VALUES ('BUS-JACKIE_GLEASON-155', 'available', 'jackie_gleason');
INSERT INTO vehicles_realtime (vehicle_id, status, home_depot_id) VALUES ('BUS-JACKIE_GLEASON-156', 'available', 'jackie_gleason');
INSERT INTO vehicles_realtime (vehicle_id, status, home_depot_id) VALUES ('BUS-JACKIE_GLEASON-157', 'available', 'jackie_gleason');
INSERT INTO vehicles_realtime (vehicle_id, status, home_depot_id) VALUES ('BUS-JACKIE_GLEASON-158', 'available', 'jackie_gleason');
INSERT INTO vehicles_realtime (vehicle_id, status, home_depot_id) VALUES ('BUS-JACKIE_GLEASON-159', 'available', 'jackie_gleason');
INSERT INTO vehicles_realtime (vehicle_id, status, home_depot_id) VALUES ('BUS-JACKIE_GLEASON-160', 'available', 'jackie_gleason');
INSERT INTO vehicles_realtime (vehicle_id, status, home_depot_id) VALUES ('BUS-JACKIE_GLEASON-161', 'available', 'jackie_gleason');
INSERT INTO vehicles_realtime (vehicle_id, status, home_depot_id) VALUES ('BUS-JACKIE_GLEASON-162', 'available', 'jackie_gleason');
INSERT INTO vehicles_realtime (vehicle_id, status, home_depot_id) VALUES ('BUS-JACKIE_GLEASON-163', 'available', 'jackie_gleason');
INSERT INTO vehicles_realtime (vehicle_id, status, home_depot_id) VALUES ('BUS-JACKIE_GLEASON-164', 'available', 'jackie_gleason');
INSERT INTO vehicles_realtime (vehicle_id, status, home_depot_id) VALUES ('BUS-JACKIE_GLEASON-165', 'available', 'jackie_gleason');
INSERT INTO vehicles_realtime (vehicle_id, status, home_depot_id) VALUES ('BUS-JACKIE_GLEASON-166', 'available', 'jackie_gleason');
INSERT INTO vehicles_realtime (vehicle_id, status, home_depot_id) VALUES ('BUS-JACKIE_GLEASON-167', 'available', 'jackie_gleason');
INSERT INTO vehicles_realtime (vehicle_id, status, home_depot_id) VALUES ('BUS-JACKIE_GLEASON-168', 'available', 'jackie_gleason');
INSERT INTO vehicles_realtime (vehicle_id, status, home_depot_id) VALUES ('BUS-JACKIE_GLEASON-169', 'available', 'jackie_gleason');
INSERT INTO vehicles_realtime (vehicle_id, status, home_depot_id) VALUES ('BUS-JACKIE_GLEASON-170', 'available', 'jackie_gleason');
INSERT INTO vehicles_realtime (vehicle_id, status, home_depot_id) VALUES ('BUS-JACKIE_GLEASON-171', 'available', 'jackie_gleason');
INSERT INTO vehicles_realtime (vehicle_id, status, home_depot_id) VALUES ('BUS-JACKIE_GLEASON-172', 'available', 'jackie_gleason');
INSERT INTO vehicles_realtime (vehicle_id, status, home_depot_id) VALUES ('BUS-JACKIE_GLEASON-173', 'available', 'jackie_gleason');
INSERT INTO vehicles_realtime (vehicle_id, status, home_depot_id) VALUES ('BUS-JACKIE_GLEASON-174', 'available', 'jackie_gleason');
INSERT INTO vehicles_realtime (vehicle_id, status, home_depot_id) VALUES ('BUS-JACKIE_GLEASON-175', 'available', 'jackie_gleason');
INSERT INTO vehicles_realtime (vehicle_id, status, home_depot_id) VALUES ('BUS-JACKIE_GLEASON-176', 'available', 'jackie_gleason');
INSERT INTO vehicles_realtime (vehicle_id, status, home_depot_id) VALUES ('BUS-JACKIE_GLEASON-177', 'available', 'jackie_gleason');
INSERT INTO vehicles_realtime (vehicle_id, status, home_depot_id) VALUES ('BUS-JACKIE_GLEASON-178', 'available', 'jackie_gleason');
INSERT INTO vehicles_realtime (vehicle_id, status, home_depot_id) VALUES ('BUS-JACKIE_GLEASON-179', 'available', 'jackie_gleason');
INSERT INTO vehicles_realtime (vehicle_id, status, home_depot_id) VALUES ('BUS-JACKIE_GLEASON-180', 'available', 'jackie_gleason');
INSERT INTO vehicles_realtime (vehicle_id, status, home_depot_id) VALUES ('BUS-JACKIE_GLEASON-181', 'available', 'jackie_gleason');
INSERT INTO vehicles_realtime (vehicle_id, status, home_depot_id) VALUES ('BUS-JACKIE_GLEASON-182', 'available', 'jackie_gleason');
INSERT INTO vehicles_realtime (vehicle_id, status, home_depot_id) VALUES ('BUS-JACKIE_GLEASON-183', 'available', 'jackie_gleason');
INSERT INTO vehicles_realtime (vehicle_id, status, home_depot_id) VALUES ('BUS-JACKIE_GLEASON-184', 'available', 'jackie_gleason');
INSERT INTO vehicles_realtime (vehicle_id, status, home_depot_id) VALUES ('BUS-JACKIE_GLEASON-185', 'available', 'jackie_gleason');
INSERT INTO vehicles_realtime (vehicle_id, status, home_depot_id) VALUES ('BUS-JACKIE_GLEASON-186', 'available', 'jackie_gleason');
INSERT INTO vehicles_realtime (vehicle_id, status, home_depot_id) VALUES ('BUS-JACKIE_GLEASON-187', 'available', 'jackie_gleason');
INSERT INTO vehicles_realtime (vehicle_id, status, home_depot_id) VALUES ('BUS-JACKIE_GLEASON-188', 'available', 'jackie_gleason');
INSERT INTO vehicles_realtime (vehicle_id, status, home_depot_id) VALUES ('BUS-JACKIE_GLEASON-189', 'available', 'jackie_gleason');
INSERT INTO vehicles_realtime (vehicle_id, status, home_depot_id) VALUES ('BUS-JACKIE_GLEASON-190', 'available', 'jackie_gleason');
INSERT INTO vehicles_realtime (vehicle_id, status, home_depot_id) VALUES ('BUS-JACKIE_GLEASON-191', 'available', 'jackie_gleason');
INSERT INTO vehicles_realtime (vehicle_id, status, home_depot_id) VALUES ('BUS-JACKIE_GLEASON-192', 'available', 'jackie_gleason');
INSERT INTO vehicles_realtime (vehicle_id, status, home_depot_id) VALUES ('BUS-JACKIE_GLEASON-193', 'available', 'jackie_gleason');
INSERT INTO vehicles_realtime (vehicle_id, status, home_depot_id) VALUES ('BUS-JACKIE_GLEASON-194', 'available', 'jackie_gleason');
INSERT INTO vehicles_realtime (vehicle_id, status, home_depot_id) VALUES ('BUS-JACKIE_GLEASON-195', 'available', 'jackie_gleason');
INSERT INTO vehicles_realtime (vehicle_id, status, home_depot_id) VALUES ('BUS-JACKIE_GLEASON-196', 'available', 'jackie_gleason');
INSERT INTO vehicles_realtime (vehicle_id, status, home_depot_id) VALUES ('BUS-JACKIE_GLEASON-197', 'available', 'jackie_gleason');
INSERT INTO vehicles_realtime (vehicle_id, status, home_depot_id) VALUES ('BUS-JACKIE_GLEASON-198', 'available', 'jackie_gleason');
INSERT INTO vehicles_realtime (vehicle_id, status, home_depot_id) VALUES ('BUS-JACKIE_GLEASON-199', 'available', 'jackie_gleason');
INSERT INTO vehicles_realtime (vehicle_id, status, home_depot_id) VALUES ('BUS-JACKIE_GLEASON-200', 'available', 'jackie_gleason');
INSERT INTO vehicles_realtime (vehicle_id, status, home_depot_id) VALUES ('BUS-JACKIE_GLEASON-201', 'available', 'jackie_gleason');
INSERT INTO vehicles_realtime (vehicle_id, status, home_depot_id) VALUES ('BUS-JACKIE_GLEASON-202', 'available', 'jackie_gleason');
INSERT INTO vehicles_realtime (vehicle_id, status, home_depot_id) VALUES ('BUS-JACKIE_GLEASON-203', 'available', 'jackie_gleason');
INSERT INTO vehicles_realtime (vehicle_id, status, home_depot_id) VALUES ('BUS-JACKIE_GLEASON-204', 'available', 'jackie_gleason');
INSERT INTO vehicles_realtime (vehicle_id, status, home_depot_id) VALUES ('BUS-JACKIE_GLEASON-205', 'available', 'jackie_gleason');
INSERT INTO vehicles_realtime (vehicle_id, status, home_depot_id) VALUES ('BUS-JACKIE_GLEASON-206', 'available', 'jackie_gleason');
INSERT INTO vehicles_realtime (vehicle_id, status, home_depot_id) VALUES ('BUS-JACKIE_GLEASON-207', 'available', 'jackie_gleason');
INSERT INTO vehicles_realtime (vehicle_id, status, home_depot_id) VALUES ('BUS-JACKIE_GLEASON-208', 'available', 'jackie_gleason');
INSERT INTO vehicles_realtime (vehicle_id, status, home_depot_id) VALUES ('BUS-JACKIE_GLEASON-209', 'available', 'jackie_gleason');
INSERT INTO vehicles_realtime (vehicle_id, status, home_depot_id) VALUES ('BUS-JACKIE_GLEASON-210', 'available', 'jackie_gleason');
INSERT INTO vehicles_realtime (vehicle_id, status, home_depot_id) VALUES ('BUS-JACKIE_GLEASON-211', 'available', 'jackie_gleason');
INSERT INTO vehicles_realtime (vehicle_id, status, home_depot_id) VALUES ('BUS-JACKIE_GLEASON-212', 'available', 'jackie_gleason');
INSERT INTO vehicles_realtime (vehicle_id, status, home_depot_id) VALUES ('BUS-JACKIE_GLEASON-213', 'available', 'jackie_gleason');
INSERT INTO vehicles_realtime (vehicle_id, status, home_depot_id) VALUES ('BUS-JACKIE_GLEASON-214', 'available', 'jackie_gleason');
INSERT INTO vehicles_realtime (vehicle_id, status, home_depot_id) VALUES ('BUS-JACKIE_GLEASON-215', 'available', 'jackie_gleason');
INSERT INTO vehicles_realtime (vehicle_id, status, home_depot_id) VALUES ('BUS-JACKIE_GLEASON-216', 'available', 'jackie_gleason');
INSERT INTO vehicles_realtime (vehicle_id, status, home_depot_id) VALUES ('BUS-JACKIE_GLEASON-217', 'available', 'jackie_gleason');
INSERT INTO vehicles_realtime (vehicle_id, status, home_depot_id) VALUES ('BUS-JACKIE_GLEASON-218', 'available', 'jackie_gleason');
INSERT INTO vehicles_realtime (vehicle_id, status, home_depot_id) VALUES ('BUS-JACKIE_GLEASON-219', 'available', 'jackie_gleason');
INSERT INTO vehicles_realtime (vehicle_id, status, home_depot_id) VALUES ('BUS-JACKIE_GLEASON-220', 'available', 'jackie_gleason');
INSERT INTO vehicles_realtime (vehicle_id, status, home_depot_id) VALUES ('BUS-JACKIE_GLEASON-221', 'available', 'jackie_gleason');
INSERT INTO vehicles_realtime (vehicle_id, status, home_depot_id) VALUES ('BUS-JACKIE_GLEASON-222', 'available', 'jackie_gleason');
INSERT INTO vehicles_realtime (vehicle_id, status, home_depot_id) VALUES ('BUS-JACKIE_GLEASON-223', 'available', 'jackie_gleason');
INSERT INTO vehicles_realtime (vehicle_id, status, home_depot_id) VALUES ('BUS-JACKIE_GLEASON-224', 'available', 'jackie_gleason');
INSERT INTO vehicles_realtime (vehicle_id, status, home_depot_id) VALUES ('BUS-JACKIE_GLEASON-225', 'available', 'jackie_gleason');
INSERT INTO vehicles_realtime (vehicle_id, status, home_depot_id) VALUES ('BUS-JACKIE_GLEASON-226', 'available', 'jackie_gleason');
INSERT INTO vehicles_realtime (vehicle_id, status, home_depot_id) VALUES ('BUS-JACKIE_GLEASON-227', 'available', 'jackie_gleason');
INSERT INTO vehicles_realtime (vehicle_id, status, home_depot_id) VALUES ('BUS-JACKIE_GLEASON-228', 'available', 'jackie_gleason');
INSERT INTO vehicles_realtime (vehicle_id, status, home_depot_id) VALUES ('BUS-JACKIE_GLEASON-229', 'available', 'jackie_gleason');
INSERT INTO vehicles_realtime (vehicle_id, status, home_depot_id) VALUES ('BUS-JACKIE_GLEASON-230', 'available', 'jackie_gleason');
INSERT INTO vehicles_realtime (vehicle_id, status, home_depot_id) VALUES ('BUS-JACKIE_GLEASON-231', 'available', 'jackie_gleason');
INSERT INTO vehicles_realtime (vehicle_id, status, home_depot_id) VALUES ('BUS-JACKIE_GLEASON-232', 'available', 'jackie_gleason');
INSERT INTO vehicles_realtime (vehicle_id, status, home_depot_id) VALUES ('BUS-JACKIE_GLEASON-233', 'available', 'jackie_gleason');
INSERT INTO vehicles_realtime (vehicle_id, status, home_depot_id) VALUES ('BUS-JACKIE_GLEASON-234', 'available', 'jackie_gleason');
INSERT INTO vehicles_realtime (vehicle_id, status, home_depot_id) VALUES ('BUS-JACKIE_GLEASON-235', 'available', 'jackie_gleason');
INSERT INTO vehicles_realtime (vehicle_id, status, home_depot_id) VALUES ('BUS-JACKIE_GLEASON-236', 'available', 'jackie_gleason');
INSERT INTO vehicles_realtime (vehicle_id, status, home_depot_id) VALUES ('BUS-JACKIE_GLEASON-237', 'available', 'jackie_gleason');
INSERT INTO vehicles_realtime (vehicle_id, status, home_depot_id) VALUES ('BUS-JACKIE_GLEASON-238', 'available', 'jackie_gleason');
INSERT INTO vehicles_realtime (vehicle_id, status, home_depot_id) VALUES ('BUS-JACKIE_GLEASON-239', 'available', 'jackie_gleason');
INSERT INTO vehicles_realtime (vehicle_id, status, home_depot_id) VALUES ('BUS-JACKIE_GLEASON-240', 'available', 'jackie_gleason');
INSERT INTO vehicles_realtime (vehicle_id, status, home_depot_id) VALUES ('BUS-JACKIE_GLEASON-241', 'available', 'jackie_gleason');
INSERT INTO vehicles_realtime (vehicle_id, status, home_depot_id) VALUES ('BUS-JACKIE_GLEASON-242', 'available', 'jackie_gleason');
INSERT INTO vehicles_realtime (vehicle_id, status, home_depot_id) VALUES ('BUS-JACKIE_GLEASON-243', 'available', 'jackie_gleason');
INSERT INTO vehicles_realtime (vehicle_id, status, home_depot_id) VALUES ('BUS-JACKIE_GLEASON-244', 'available', 'jackie_gleason');
INSERT INTO vehicles_realtime (vehicle_id, status, home_depot_id) VALUES ('BUS-JACKIE_GLEASON-245', 'available', 'jackie_gleason');
INSERT INTO vehicles_realtime (vehicle_id, status, home_depot_id) VALUES ('BUS-JACKIE_GLEASON-246', 'available', 'jackie_gleason');
INSERT INTO vehicles_realtime (vehicle_id, status, home_depot_id) VALUES ('BUS-JACKIE_GLEASON-247', 'available', 'jackie_gleason');
INSERT INTO vehicles_realtime (vehicle_id, status, home_depot_id) VALUES ('BUS-JACKIE_GLEASON-248', 'available', 'jackie_gleason');
INSERT INTO vehicles_realtime (vehicle_id, status, home_depot_id) VALUES ('BUS-JACKIE_GLEASON-249', 'available', 'jackie_gleason');
INSERT INTO vehicles_realtime (vehicle_id, status, home_depot_id) VALUES ('BUS-JACKIE_GLEASON-250', 'available', 'jackie_gleason');
INSERT INTO vehicles_realtime (vehicle_id, status, home_depot_id) VALUES ('BUS-JACKIE_GLEASON-251', 'available', 'jackie_gleason');
INSERT INTO vehicles_realtime (vehicle_id, status, home_depot_id) VALUES ('BUS-JACKIE_GLEASON-252', 'available', 'jackie_gleason');
INSERT INTO vehicles_realtime (vehicle_id, status, home_depot_id) VALUES ('BUS-JACKIE_GLEASON-253', 'available', 'jackie_gleason');
INSERT INTO vehicles_realtime (vehicle_id, status, home_depot_id) VALUES ('BUS-JACKIE_GLEASON-254', 'available', 'jackie_gleason');
INSERT INTO vehicles_realtime (vehicle_id, status, home_depot_id) VALUES ('BUS-JACKIE_GLEASON-255', 'available', 'jackie_gleason');
INSERT INTO vehicles_realtime (vehicle_id, status, home_depot_id) VALUES ('BUS-JACKIE_GLEASON-256', 'available', 'jackie_gleason');
INSERT INTO vehicles_realtime (vehicle_id, status, home_depot_id) VALUES ('BUS-JACKIE_GLEASON-257', 'available', 'jackie_gleason');
INSERT INTO vehicles_realtime (vehicle_id, status, home_depot_id) VALUES ('BUS-JACKIE_GLEASON-258', 'available', 'jackie_gleason');
INSERT INTO vehicles_realtime (vehicle_id, status, home_depot_id) VALUES ('BUS-JACKIE_GLEASON-259', 'available', 'jackie_gleason');
INSERT INTO vehicles_realtime (vehicle_id, status, home_depot_id) VALUES ('BUS-JACKIE_GLEASON-260', 'available', 'jackie_gleason');
INSERT INTO vehicles_realtime (vehicle_id, status, home_depot_id) VALUES ('BUS-JACKIE_GLEASON-261', 'available', 'jackie_gleason');
INSERT INTO vehicles_realtime (vehicle_id, status, home_depot_id) VALUES ('BUS-JACKIE_GLEASON-262', 'available', 'jackie_gleason');
INSERT INTO vehicles_realtime (vehicle_id, status, home_depot_id) VALUES ('BUS-JACKIE_GLEASON-263', 'available', 'jackie_gleason');
INSERT INTO vehicles_realtime (vehicle_id, status, home_depot_id) VALUES ('BUS-JACKIE_GLEASON-264', 'available', 'jackie_gleason');
INSERT INTO vehicles_realtime (vehicle_id, status, home_depot_id) VALUES ('BUS-JACKIE_GLEASON-265', 'available', 'jackie_gleason');
INSERT INTO vehicles_realtime (vehicle_id, status, home_depot_id) VALUES ('BUS-JACKIE_GLEASON-266', 'available', 'jackie_gleason');
INSERT INTO vehicles_realtime (vehicle_id, status, home_depot_id) VALUES ('BUS-JACKIE_GLEASON-267', 'available', 'jackie_gleason');
INSERT INTO vehicles_realtime (vehicle_id, status, home_depot_id) VALUES ('BUS-JACKIE_GLEASON-268', 'available', 'jackie_gleason');
INSERT INTO vehicles_realtime (vehicle_id, status, home_depot_id) VALUES ('BUS-JACKIE_GLEASON-269', 'available', 'jackie_gleason');
INSERT INTO vehicles_realtime (vehicle_id, status, home_depot_id) VALUES ('BUS-JACKIE_GLEASON-270', 'available', 'jackie_gleason');
COMMIT;